# k l magnitude (escala lineal, orden natural)
0 0 4.5907722068250223e-14
0 1 5.9531342732465161e-14
0 2 8.8991903486880384e-15
0 3 6.5992415652375797e-15
0 4 3.2947613675035121e-15
0 5 3.332963816908173e-15
0 6 1.2720069094672942e-15
0 7 6.3231203418708397e-15
0 8 3.0780436584400479e-16
0 9 2.3878078952878708e-15
0 10 2.0086326913844414e-15
0 11 4.7652581031559745e-15
0 12 2.2538048496091281e-15
0 13 7.6506601731530237e-15
0 14 2.3636390660422596e-15
0 15 4.917370221686888e-15
0 16 7.7118555927012698e-16
0 17 1.2093687384166086e-15
0 18 4.8733338004067076e-16
0 19 7.4270261761607984e-16
0 20 6.368420653237097e-16
0 21 2.0278225559085566e-15
0 22 2.591658963443864e-15
0 23 3.4658584461081588e-15
0 24 1.9823419695297165e-15
0 25 3.0795594624469408e-15
0 26 9.6425554159603426e-16
0 27 2.0397934053257137e-15
0 28 8.548604809952608e-16
0 29 1.0255249708748158e-15
0 30 1.0017755382565652e-15
0 31 4.034706479955387e-15
0 32 2.7755575615628914e-16
0 33 4.0850422701966632e-15
0 34 1.0017755382565664e-15
0 35 1.5819850202523838e-15
0 36 8.548604809952608e-16
0 37 1.8065307735067858e-15
0 38 9.6425554159603347e-16
0 39 2.5990994689850698e-15
0 40 1.9823419695297161e-15
0 41 2.5102508049607829e-15
0 42 2.5916589634438628e-15
0 43 1.5846644974399253e-15
0 44 6.3684206532370901e-16
0 45 7.3623591427477754e-16
0 46 4.8733338004067057e-16
0 47 3.992674569456415e-16
0 48 7.7118555927012688e-16
0 49 4.887678869609491e-15
0 50 2.3636390660422573e-15
0 51 6.5524819335339998e-15
0 52 2.2538048496091285e-15
0 53 4.759918757074158e-15
0 54 2.008632691384441e-15
0 55 4.5708559008797923e-15
0 56 3.0780436584400716e-16
0 57 3.457736313651798e-15
0 58 1.2720069094672953e-15
0 59 6.6775930415139368e-16
0 60 3.2947613675035144e-15
0 61 8.331240765650486e-15
0 62 8.8991903486880416e-15
0 63 6.3115926680067774e-14
1 0 6.8583497276937968e-14
1 1 2048
1 2 8.5293220574253312e-14
1 3 2.0583391006198059e-14
1 4 2.7018914451480045e-14
1 5 3.1368305264913324e-14
1 6 1.2367144599719353e-14
1 7 1.8529836373099022e-14
1 8 1.0332388782002751e-14
1 9 1.8341554920322759e-14
1 10 9.2028054015911997e-15
1 11 1.0389415298861554e-14
1 12 4.7508551267172336e-15
1 13 5.9158379507041584e-15
1 14 4.1981068456352339e-15
1 15 4.3781407537694666e-15
1 16 4.9817287258280358e-15
1 17 1.737163048826468e-14
1 18 4.6841107712281217e-15
1 19 2.9692498896300344e-15
1 20 4.6978705665875872e-15
1 21 5.9627078041810462e-15
1 22 6.2752863758211444e-15
1 23 7.0833644021816706e-15
1 24 5.5923008746550931e-15
1 25 4.3643690442460625e-15
1 26 3.3883764587947403e-15
1 27 2.032065127253649e-15
1 28 3.1844951529952047e-15
1 29 7.8304328366963602e-15
1 30 2.4245319774936891e-15
1 31 7.1192952228765194e-15
1 32 3.094362468565944e-15
1 33 4.5425506155054243e-14
1 34 2.530570992392497e-15
1 35 9.2093663747726931e-16
1 36 3.358875124524712e-15
1 37 8.3641688230572689e-15
1 38 3.5533538514994961e-15
1 39 2.6553702058023748e-15
1 40 5.4916541295204555e-15
1 41 8.815519479943711e-15
1 42 5.6383900818697838e-15
1 43 4.2997203516861211e-15
1 44 4.2792407039545333e-15
1 45 8.2899164725290607e-15
1 46 4.4377780378509714e-15
1 47 1.6763680278984582e-15
1 48 4.3107467790125077e-15
1 49 1.5985255682603565e-14
1 50 3.2002411184785716e-15
1 51 9.4857675573507692e-15
1 52 4.6161568370853809e-15
1 53 7.654674627779404e-15
1 54 7.9888329787602557e-15
1 55 1.0263583256355223e-14
1 56 8.1169105353562396e-15
1 57 1.8923600407141096e-14
1 58 9.0360144628112461e-15
1 59 8.9331783173575259e-15
1 60 1.6478368240635759e-14
1 61 3.5842246329153072e-14
1 62 2.7839954024165223e-14
1 63 5.8096650262050982e-14
2 0 8.8991903486880416e-15
2 1 6.7178635796785332e-14
2 2 1.9761733149197865e-14
2 3 2.10241459685034e-14
2 4 6.3498964749489086e-15
2 5 9.7900581773538473e-15
2 6 6.3419416763447116e-15
2 7 6.5367015293783252e-15
2 8 2.6080358458866994e-15
2 9 7.6305171302645521e-15
2 10 3.1089332774726384e-15
2 11 5.241804890854969e-15
2 12 4.481274176738537e-15
2 13 9.4561179777088638e-15
2 14 3.635280207188757e-15
2 15 5.6003751702430478e-15
2 16 1.4116002933513953e-15
2 17 7.8633044531344029e-16
2 18 1.4193484110519641e-15
2 19 1.162692663224942e-15
2 20 5.3851597961463993e-16
2 21 2.3902735468282516e-15
2 22 1.7480959251099152e-15
2 23 3.1999069779405454e-15
2 24 1.6348405667502302e-15
2 25 4.1018172247513871e-15
2 26 1.7689493384529775e-15
2 27 2.4060352883808993e-15
2 28 1.6716820776203218e-15
2 29 1.4677359815692948e-15
2 30 1.8978869636061643e-15
2 31 9.5305687275164261e-15
2 32 1.1259813196853308e-15
2 33 6.7067456289397043e-16
2 34 1.6932262677604582e-15
2 35 1.8335197275801462e-15
2 36 1.0790715458457556e-15
2 37 1.6283841073810979e-15
2 38 1.0554837821959358e-15
2 39 4.2411871621297141e-15
2 40 1.0301916695919487e-15
2 41 3.8011157234042209e-15
2 42 2.4013741528153356e-15
2 43 1.1980316224044354e-15
2 44 1.071474524937964e-15
2 45 4.6890042703739521e-16
2 46 7.4893019307496156e-16
2 47 3.3685700608170282e-15
2 48 1.7026365257962064e-15
2 49 4.3087405970321591e-15
2 50 3.3510497141772938e-15
2 51 5.3714635890747688e-15
2 52 2.7135252001794475e-15
2 53 3.9505913760483211e-15
2 54 6.0657533769782683e-16
2 55 4.6471786743847099e-15
2 56 1.6989216680142132e-15
2 57 6.2168808149771948e-15
2 58 2.9888633387628784e-15
2 59 4.0240653019122343e-16
2 60 1.0470161832246878e-15
2 61 8.33066521689465e-15
2 62 4.5213356734815589e-15
2 63 5.3459407501312434e-14
3 0 7.1441368797431894e-15
3 1 2.3797786878762048e-14
3 2 3.2674424974761095e-14
3 3 1.2259963836895131e-13
3 4 2.0324268066084112e-14
3 5 2.4993598889915967e-14
3 6 7.0430746482986773e-15
3 7 1.7346346456019094e-14
3 8 4.4376774632537685e-15
3 9 2.739229173893529e-15
3 10 1.6232528046311046e-15
3 11 8.423694366057006e-15
3 12 2.5105118283121054e-15
3 13 1.3091462965121775e-14
3 14 4.5580110171862924e-15
3 15 1.1597345671123717e-14
3 16 2.670323049602834e-15
3 17 4.7872552930564444e-15
3 18 1.0246664598924733e-15
3 19 1.9258909639955032e-15
3 20 1.9718969679595625e-15
3 21 4.2274561206142199e-15
3 22 3.7731027797359422e-15
3 23 4.807241895016193e-15
3 24 1.907838969694843e-15
3 25 4.2035469128767446e-15
3 26 3.7195777170273969e-16
3 27 2.5817282403689402e-15
3 28 4.9448650159011019e-16
3 29 1.1840067722519595e-15
3 30 1.322194168842455e-15
3 31 9.448087959525865e-15
3 32 1.131111920784282e-15
3 33 1.9879682900875589e-16
3 34 1.7496339330824113e-15
3 35 1.3267541137851362e-15
3 36 1.8809833774520047e-15
3 37 2.2943847161465432e-16
3 38 1.9917685332711674e-15
3 39 6.5940182558724304e-16
3 40 2.3702232043848387e-15
3 41 1.4763980609461476e-15
3 42 1.7006573312635025e-15
3 43 2.1144613007615089e-15
3 44 7.3285837672756312e-16
3 45 1.3330248239594067e-15
3 46 1.6210889302025452e-15
3 47 5.2347712834608261e-15
3 48 7.2388002263985512e-16
3 49 6.393837103239628e-15
3 50 1.8465519638253526e-15
3 51 5.6594659911779148e-15
3 52 3.2230032855496896e-15
3 53 5.9463615990127709e-15
3 54 3.0802993722272357e-15
3 55 4.555942048709964e-15
3 56 1.9469688421369398e-15
3 57 1.474862840445191e-15
3 58 2.9514348167991971e-15
3 59 2.5704226181792964e-15
3 60 3.8584971171662543e-15
3 61 8.5183685969997804e-15
3 62 3.5331266186997293e-15
3 63 8.6648756559594903e-14
4 0 3.2947613675035129e-15
4 1 1.7955514114859246e-14
4 2 6.3498964749489046e-15
4 3 1.212376674863602e-14
4 4 4.7276434599525957e-14
4 5 2.554236899870346e-14
4 6 9.881354732546814e-15
4 7 1.5517895958621879e-14
4 8 2.8162375203654128e-15
4 9 7.9210804181630558e-15
4 10 1.9684829540678574e-15
4 11 9.5391329557623145e-15
4 12 4.4024611370776489e-15
4 13 1.0736052272579988e-14
4 14 4.4841551738138403e-15
4 15 1.0809336461936443e-14
4 16 1.8524301015889256e-15
4 17 2.7010130552617235e-15
4 18 8.1657776652335426e-16
4 19 1.3339839241274018e-15
4 20 9.0655415305316559e-16
4 21 2.2240093789925108e-15
4 22 2.6305367968089781e-15
4 23 2.6963328006702155e-15
4 24 1.4340466021777899e-15
4 25 4.9550555028220439e-15
4 26 1.2291023733873064e-15
4 27 1.9808656876185372e-15
4 28 1.1723562656154826e-15
4 29 1.6559282979295065e-15
4 30 1.6381929771127144e-15
4 31 2.3561245505102724e-15
4 32 9.3153152968656396e-16
4 33 2.3632719372536374e-15
4 34 1.6462875617553414e-15
4 35 8.8261940753730261e-16
4 36 1.3062073394976864e-15
4 37 1.8683684784341473e-15
4 38 1.3411412201512287e-15
4 39 2.5667783802955662e-15
4 40 1.3835819866155853e-15
4 41 2.5397475852748773e-15
4 42 1.8308650160902797e-15
4 43 2.1911960876334833e-15
4 44 4.0217075213036591e-16
4 45 6.3862363352962229e-16
4 46 8.0438047560509258e-16
4 47 2.3622818143342305e-15
4 48 1.0108427973613805e-15
4 49 5.1972579412898049e-15
4 50 2.5501237649385093e-15
4 51 5.9442825441120258e-15
4 52 2.6102820737956515e-15
4 53 3.1149093083877897e-15
4 54 1.4275439120675226e-15
4 55 1.8319473273144266e-15
4 56 9.4560724529427105e-16
4 57 3.6673579366036423e-15
4 58 2.1450376681397219e-15
4 59 2.0506835471038536e-15
4 60 8.7395135712953414e-16
4 61 5.8076708386791043e-15
4 62 1.0470161832246905e-15
4 63 1.6575541339635579e-14
5 0 2.5513577210742449e-15
5 1 4.2013812970892153e-14
5 2 1.931873104860685e-15
5 3 1.3931694169102854e-14
5 4 1.1994336395893651e-14
5 5 3.1858603011368346e-14
5 6 1.9859336967576624e-14
5 7 7.2970549025125926e-15
5 8 3.4890917732907863e-15
5 9 1.1052141437005604e-14
5 10 4.7189396144225887e-15
5 11 7.6760222284981367e-15
5 12 5.5559539562567374e-15
5 13 9.9235471797269033e-15
5 14 4.1077101506929968e-15
5 15 7.1357364035003282e-15
5 16 1.2123123534787144e-15
5 17 1.3512034296594284e-14
5 18 1.3843044108095283e-15
5 19 7.408998749927899e-16
5 20 1.9997693235154356e-16
5 21 1.6692940269283082e-15
5 22 2.2504889809650421e-15
5 23 2.4371062418904166e-15
5 24 2.0151151466264324e-15
5 25 2.2978245965898138e-15
5 26 1.7004459402787923e-15
5 27 2.1177838077681926e-15
5 28 1.5542849798834497e-15
5 29 1.8015269255980142e-15
5 30 1.6911752441627694e-15
5 31 4.593140143084463e-15
5 32 8.7670702401319826e-16
5 33 1.1765768837615355e-14
5 34 1.4262112769125871e-15
5 35 1.7709591387627445e-15
5 36 8.3300828488080382e-16
5 37 2.5488849755919884e-15
5 38 8.1886773904720517e-16
5 39 3.6664139627432106e-15
5 40 1.282875928087814e-15
5 41 3.1044517590469096e-15
5 42 2.3827875782348762e-15
5 43 1.3807088092368484e-15
5 44 8.7212370587458709e-16
5 45 1.481215423202504e-15
5 46 3.7529412669086027e-16
5 47 1.6514618758808288e-15
5 48 1.2965787284059735e-15
5 49 1.1686861666814831e-14
5 50 2.636635764963838e-15
5 51 5.1677042747990479e-15
5 52 1.9726623825461089e-15
5 53 2.9039484534532639e-15
5 54 5.3175498699235253e-16
5 55 2.2824820367996118e-15
5 56 9.5599571477503712e-16
5 57 4.1907318959044139e-15
5 58 1.6807445215061788e-15
5 59 9.6313678312838855e-16
5 60 6.5053922408649006e-16
5 61 2.6539785263853309e-15
5 62 2.6380384394000989e-15
5 63 4.86222103593005e-14
6 0 1.272006909467294e-15
6 1 1.0320379513225037e-14
6 2 6.3419416763447132e-15
6 3 8.8231178652903545e-15
6 4 9.8813547325468124e-15
6 5 3.0142279306019559e-14
6 6 2.0729308186919723e-14
6 7 1.0286068974229112e-14
6 8 4.9687926417567557e-15
6 9 1.0665581433945507e-14
6 10 5.7501671382216857e-15
6 11 1.6638382880188762e-14
6 12 3.1788978047635559e-15
6 13 1.5043268503595716e-14
6 14 3.4637841941927583e-15
6 15 1.3739175722617556e-14
6 16 1.4549976830888074e-15
6 17 1.0731018861719827e-14
6 18 9.5973983710099112e-16
6 19 2.4594328186266465e-15
6 20 1.3687232065940647e-15
6 21 3.1907659519675377e-15
6 22 3.7148823844091587e-15
6 23 1.9726837927930824e-15
6 24 2.7522784580573236e-15
6 25 2.4175537711102343e-15
6 26 9.618817454495632e-16
6 27 1.7788805273444845e-15
6 28 7.668359319327241e-16
6 29 1.2357861088061458e-15
6 30 6.7942684350050159e-16
6 31 2.1880416792106741e-15
6 32 1.5049126817329397e-16
6 33 1.34399839036597e-14
6 34 7.6640577263850981e-16
6 35 1.1931811041948258e-16
6 36 9.3156021273621755e-16
6 37 1.3123612985602307e-15
6 38 1.0474118241475021e-15
6 39 3.4177100598860523e-15
6 40 2.2113373171168757e-15
6 41 2.9941430067871076e-15
6 42 2.5175029158347342e-15
6 43 3.0388919541047762e-15
6 44 7.7366667350253869e-16
6 45 1.4613951386777899e-16
6 46 7.3530830031145444e-16
6 47 2.6756726332512577e-15
6 48 5.125593441885692e-16
6 49 7.88417635804166e-15
6 50 1.3806188643115819e-15
6 51 6.560937395887004e-15
6 52 1.4637705013111732e-15
6 53 3.5734163025118352e-15
6 54 1.8059987878445484e-15
6 55 1.2952246032453321e-15
6 56 7.3544678329046134e-16
6 57 3.0073677303154113e-15
6 58 4.5411387876876946e-16
6 59 3.3900695757388885e-15
6 60 2.1450376681397207e-15
6 61 4.4329236729017479e-15
6 62 2.9888633387628799e-15
6 63 1.4332132993046868e-14
7 0 2.835219307657168e-15
7 1 2.7328957186526474e-14
7 2 2.1498042626398185e-15
7 3 6.9593782561364687e-15
7 4 7.0691183424130359e-15
7 5 3.1733402644234992e-15
7 6 2.5476828225560607e-14
7 7 3.1651822040773049e-14
7 8 1.7818276621703963e-14
7 9 1.1505927939884052e-14
7 10 1.0895944196622793e-14
7 11 1.7705732668384029e-14
7 12 8.9425929805272773e-15
7 13 1.2593000588604589e-14
7 14 4.9029582015404661e-15
7 15 1.5257449922558015e-14
7 16 1.5338893147608232e-15
7 17 3.8320181465520663e-15
7 18 2.4103151646649552e-15
7 19 1.434449330457466e-15
7 20 7.6250939768953512e-16
7 21 1.4252157485081706e-15
7 22 2.1104341296515715e-15
7 23 1.6608561179260668e-15
7 24 2.6495074059188565e-15
7 25 3.632636045833989e-15
7 26 2.3150734696532062e-15
7 27 1.2394901950425043e-15
7 28 2.0851012235766114e-15
7 29 2.1060872527719621e-15
7 30 2.0070352447379696e-15
7 31 1.8966174643508602e-14
7 32 1.1771837705230576e-15
7 33 4.6543332146104158e-15
7 34 1.5067171398057585e-15
7 35 6.5918068342922487e-16
7 36 7.0122652872797795e-16
7 37 2.6626138406580589e-15
7 38 6.059826927669982e-16
7 39 3.9131814663152007e-15
7 40 1.3109039745913562e-15
7 41 1.8024175665168149e-15
7 42 2.7573514252541334e-15
7 43 2.5491603206014652e-15
7 44 1.3029256886998658e-15
7 45 1.4468238223184748e-15
7 46 6.1748336266531213e-16
7 47 9.242692170797472e-15
7 48 1.6513264192250586e-15
7 49 4.6373328729038201e-15
7 50 2.7827160107659811e-15
7 51 6.0588898359341148e-15
7 52 1.6812849507780772e-15
7 53 2.2653286583290679e-15
7 54 2.6826480983899074e-16
7 55 1.701212682045907e-15
7 56 1.4097388298335171e-15
7 57 1.9237556158154861e-15
7 58 1.7865030742390947e-15
7 59 2.3663259559269363e-15
7 60 1.3831867666735924e-15
7 61 2.8143430147772952e-15
7 62 3.1176447168076222e-15
7 63 6.4425687279693256e-14
8 0 3.0780436584400455e-16
8 1 1.6233508398856221e-14
8 2 2.608035845886697e-15
8 3 5.5636226477822554e-15
8 4 2.816237520365416e-15
8 5 7.8894854969214415e-15
8 6 4.9687926417567589e-15
8 7 2.3606913460570056e-14
8 8 7.8324136641396853e-14
8 9 3.6461639893687801e-14
8 10 9.3254721662263048e-15
8 11 1.7882034298240495e-14
8 12 6.975876632031095e-15
8 13 1.9597387657663426e-14
8 14 5.4103990416129144e-15
8 15 1.1179749848843342e-14
8 16 1.4344353023229512e-15
8 17 1.4497616910487487e-14
8 18 8.287020499880854e-16
8 19 7.9459824791556665e-17
8 20 7.7957527785189458e-16
8 21 3.9246108682714586e-15
8 22 3.4354912005206671e-15
8 23 3.2768073807790626e-15
8 24 2.4632193765065977e-15
8 25 3.1446560746758464e-15
8 26 1.2765350778527298e-15
8 27 1.8132368648397161e-15
8 28 1.0999742817524269e-15
8 29 1.0966965347140364e-15
8 30 1.2639851241857052e-15
8 31 7.6888766861954361e-15
8 32 4.2292966136102533e-16
8 33 4.7198105319339931e-15
8 34 1.1400567971174766e-15
8 35 1.4551606367874697e-15
8 36 8.610603730231594e-16
8 37 2.0684755938528452e-15
8 38 9.1737036144287145e-16
8 39 3.0236506151312558e-15
8 40 1.71366798978147e-15
8 41 3.1393914882946536e-15
8 42 2.2460732697351211e-15
8 43 1.7668890091915102e-15
8 44 5.104987871075155e-16
8 45 1.5221698446425435e-15
8 46 3.276041502508362e-16
8 47 1.8765617702523143e-15
8 48 6.697815314037361e-16
8 49 5.6860835095146388e-15
8 50 1.8288030286159951e-15
8 51 5.1293788977346691e-15
8 52 1.577616028187449e-15
8 53 3.9837602803458002e-15
8 54 1.0987089320327662e-15
8 55 1.7140735872934616e-15
8 56 1.0938820674139952e-16
8 57 2.9536212725882655e-15
8 58 7.3544678329046292e-16
8 59 1.1866707274662161e-15
8 60 9.4560724529427342e-16
8 61 8.8029442582660962e-16
8 62 1.6989216680142116e-15
8 63 7.9250510364895503e-15
9 0 1.2597673620115212e-15
9 1 7.4243686570909063e-14
9 2 3.5658722084270327e-15
9 3 4.2178887641080916e-15
9 4 2.7839216990127471e-15
9 5 4.0992845663275028e-15
9 6 3.9055114511593948e-15
9 7 2.8860090433239101e-14
9 8 1.1769846139293664e-14
9 9 5.5492146635245665e-14
9 10 1.1744406599652481e-14
9 11 3.063773464446554e-14
9 12 6.968811100831485e-15
9 13 2.3536792861098435e-14
9 14 7.811350789308057e-15
9 15 1.9041395315737287e-14
9 16 3.2074585920489476e-15
9 17 1.3129145992421936e-14
9 18 4.7362756425109531e-16
9 19 7.6022365069666741e-16
9 20 1.9173323693397509e-15
9 21 3.4498473905495536e-15
9 22 4.4559150457176711e-15
9 23 4.2613767551984549e-15
9 24 2.4861215311224646e-15
9 25 4.4208623009890417e-15
9 26 5.855545946013651e-16
9 27 1.634859711947425e-15
9 28 5.0847164420859014e-16
9 29 1.0415566707564321e-15
9 30 1.1781336845984515e-15
9 31 5.4512757508945687e-15
9 32 6.9688336823156868e-16
9 33 1.6065516038498063e-14
9 34 1.4040780347575654e-15
9 35 1.0716897433059986e-15
9 36 1.4116811620485683e-15
9 37 1.8608358502338156e-15
9 38 1.4760136898808765e-15
9 39 2.3177597200406595e-15
9 40 2.0353415432574936e-15
9 41 1.3981365350951162e-15
9 42 1.907986335636544e-15
9 43 2.0698223073045074e-15
9 44 3.1498559254932202e-16
9 45 9.3493780301883871e-16
9 46 9.1850255351392486e-16
9 47 5.8832042253580599e-15
9 48 2.0446060726566856e-16
9 49 7.3967463759428544e-15
9 50 1.4575634321785285e-15
9 51 5.2660704823036047e-15
9 52 1.9741908925882949e-15
9 53 3.2592630630149699e-15
9 54 1.7225217651678989e-15
9 55 2.1111361197966196e-15
9 56 6.7564086560746492e-16
9 57 3.396421573471399e-16
9 58 1.1523037184760869e-15
9 59 1.4237588095048378e-15
9 60 1.5164733957434315e-15
9 61 1.5140832310222769e-15
9 62 1.3721728893655092e-15
9 63 1.1413841370449799e-14
10 0 2.008632691384441e-15
10 1 1.1287227511906468e-14
10 2 3.1089332774726396e-15
10 3 2.5374818656988507e-15
10 4 1.9684829540678581e-15
10 5 6.2682939108023733e-15
10 6 5.7501671382216849e-15
10 7 1.9281768222079836e-14
10 8 9.325472166226308e-15
10 9 2.6112252971977764e-14
10 10 1.8752176352563113e-14
10 11 4.8685025753869337e-14
10 12 1.547697697671676e-14
10 13 2.7820073437882067e-14
10 14 1.2427822273174785e-14
10 15 1.6312150430450239e-14
10 16 5.0358308122655417e-15
10 17 3.8324361765748102e-16
10 18 1.5642921718226363e-15
10 19 2.9468767560008007e-15
10 20 2.4906591587875822e-15
10 21 2.4035518881407837e-15
10 22 4.598179915080669e-15
10 23 5.5784261448676663e-15
10 24 1.7856083442942323e-15
10 25 6.1398242554838388e-15
10 26 1.1082422744073452e-15
10 27 3.5342429578619198e-15
10 28 1.1072300396288009e-15
10 29 2.9370744965666369e-15
10 30 1.9026321344741768e-15
10 31 7.9226935853747542e-15
10 32 1.2942711554856021e-15
10 33 6.6007174160025446e-15
10 34 2.0258610621483715e-15
10 35 2.0817253470339868e-15
10 36 1.8354368239904287e-15
10 37 2.7350763347826761e-15
10 38 1.8494227657513891e-15
10 39 1.1098201332469986e-15
10 40 1.7792767494834537e-15
10 41 1.59004706156605e-15
10 42 1.3509018548712883e-15
10 43 1.1012094131529353e-15
10 44 4.1948996999961469e-16
10 45 1.4143015659352911e-15
10 46 1.20423019778969e-15
10 47 3.9519967925910573e-16
10 48 7.9598725689184528e-16
10 49 2.7858086795465932e-15
10 50 1.9688301909764e-15
10 51 3.6933833135069485e-15
10 52 2.4867583433974631e-15
10 53 1.5850924599280218e-15
10 54 1.7751365364130815e-15
10 55 2.3145794493257305e-15
10 56 1.0987089320327676e-15
10 57 1.5671150236270006e-15
10 58 1.8059987878445464e-15
10 59 7.9044704794601071e-16
10 60 1.4275439120675246e-15
10 61 4.1351206749946798e-15
10 62 6.0657533769782515e-16
10 63 6.8971023454931165e-15
11 0 5.8810185754594473e-15
11 1 1.6359073262433127e-14
11 2 5.1138383033007043e-15
11 3 8.4236943660570091e-15
11 4 7.4175764056740674e-15
11 5 9.0697241514661661e-15
11 6 1.3960396122299706e-14
11 7 1.5765931535569485e-14
11 8 1.9803556120361682e-14
11 9 2.7426051982321369e-14
11 10 5.7170375830911041e-14
11 11 1.8934366353521414e-13
11 12 8.526248875525783e-14
11 13 1.266445335935483e-14
11 14 2.8073731508625321e-14
11 15 3.2387654726696792e-14
11 16 1.2574597385708973e-14
11 17 1.1836747567596167e-14
11 18 8.9529022069957088e-15
11 19 6.9517292520447843e-15
11 20 6.0821975752076729e-15
11 21 3.6146430133280323e-15
11 22 2.8324629992221403e-15
11 23 5.7175874345574936e-15
11 24 3.1857959885135712e-15
11 25 7.9487328667655263e-15
11 26 5.275297180992574e-15
11 27 5.4527767804475413e-15
11 28 4.8146957004359008e-15
11 29 5.5574747546539905e-15
11 30 5.0038496383434902e-15
11 31 8.7850878780357163e-15
11 32 3.8362597995646353e-15
11 33 5.7903886343101341e-15
11 34 4.2824274886371987e-15
11 35 4.3135997048321341e-15
11 36 3.3558161497829178e-15
11 37 5.3206797104802786e-15
11 38 3.1656505264952835e-15
11 39 7.0905649291406201e-15
11 40 1.2137601101444154e-15
11 41 2.9716320993282942e-15
11 42 2.7606555545847963e-15
11 43 1.3220598070701602e-15
11 44 2.8612089189851454e-15
11 45 3.7966063522896024e-15
11 46 2.8393268100960128e-15
11 47 1.0057220975208393e-14
11 48 3.4424446535842597e-15
11 49 9.7017690693373798e-16
11 50 4.7456679709130576e-15
11 51 3.139717551459536e-15
11 52 4.2235402205359757e-15
11 53 1.9344806609300624e-15
11 54 2.6912891211781619e-15
11 55 5.0843747354584601e-15
11 56 3.6461372574048174e-15
11 57 3.3805497708602758e-15
11 58 4.4908128037497789e-15
11 59 3.3093958289592567e-15
11 60 3.5453868356331528e-15
11 61 5.2667874972621267e-15
11 62 4.213112601192412e-15
11 63 6.8284502612659025e-14
12 0 2.2538048496091281e-15
12 1 2.7097335174261346e-14
12 2 4.481274176738537e-15
12 3 3.0104543762754234e-15
12 4 4.4024611370776482e-15
12 5 6.0585248198735334e-15
12 6 3.1788978047635528e-15
12 7 7.933552145956877e-16
12 8 6.9758766320310943e-15
12 9 9.5394203694697875e-15
12 10 1.5476976976716763e-14
12 11 8.9457173616199905e-14
12 12 1.1141459964799295e-13
12 13 1.1805226362731001e-13
12 14 1.781827463696342e-14
12 15 1.4258952257492874e-14
12 16 8.1147684688587843e-15
12 17 1.0112170622037746e-14
12 18 4.0229904989407667e-15
12 19 5.8687666044874249e-15
12 20 4.6470411742540039e-15
12 21 6.8247536150448622e-15
12 22 7.5043674244015951e-15
12 23 2.1176811879715506e-15
12 24 4.7691551556122764e-15
12 25 7.0855339156347955e-15
12 26 1.1818156662758517e-15
12 27 3.2449834277670699e-15
12 28 9.3498179276244903e-16
12 29 1.0061590478818443e-15
12 30 6.6129284231043902e-16
12 31 2.6510902594528171e-15
12 32 1.2809634321696047e-15
12 33 9.0474998246539342e-15
12 34 1.347975908250057e-15
12 35 8.6074063753883458e-16
12 36 1.9197779811711403e-15
12 37 5.4301738606158222e-16
12 38 1.9946991661824958e-15
12 39 3.9042768819511569e-15
12 40 3.0846928251289645e-15
12 41 4.7100528654276699e-16
12 42 2.6776529841799533e-15
12 43 3.1917222017036742e-15
12 44 1.3326303784975356e-15
12 45 8.4773410245976447e-16
12 46 1.6069340065359523e-15
12 47 2.7904491916060095e-15
12 48 8.613679049726226e-16
12 49 5.2800073657067098e-15
12 50 3.1554309197657874e-16
12 51 5.5759548885286325e-15
12 52 1.8395743823763579e-15
12 53 3.8563885909660262e-15
12 54 2.4867583433974611e-15
12 55 1.1892098031037372e-15
12 56 1.5776160281874555e-15
12 57 1.512807087222269e-15
12 58 1.4637705013111719e-15
12 59 2.7663756321319441e-15
12 60 2.6102820737956539e-15
12 61 3.0530703044528698e-15
12 62 2.7135252001794499e-15
12 63 1.4124729780742521e-14
13 0 7.2391542357784962e-15
13 1 2.8794000960422301e-14
13 2 6.7281049677903348e-15
13 3 1.0795813978299457e-14
13 4 8.8927822453479734e-15
13 5 9.923547179726908e-15
13 6 1.3896528314157562e-14
13 7 1.0627394421251757e-14
13 8 1.7263024514417722e-14
13 9 2.4465930031680745e-14
13 10 2.7952339577899638e-14
13 11 1.9386198065886966e-14
13 12 1.118166936713172e-13
13 13 2.137941633661515e-13
13 14 1.0827690536383182e-13
13 15 3.8824311942607799e-14
13 16 2.9303224724325039e-14
13 17 2.5318528421015147e-14
13 18 1.7774363338352161e-14
13 19 1.564470957088778e-14
13 20 1.1476882329907888e-14
13 21 7.690103424216872e-15
13 22 5.6702768942778129e-15
13 23 7.6815320279121128e-15
13 24 6.0905530206310925e-15
13 25 8.0126861284612333e-15
13 26 8.134520443250881e-15
13 27 8.8940206780102758e-15
13 28 7.2542321087529679e-15
13 29 7.7181830117763583e-15
13 30 7.1655296977028808e-15
13 31 1.6546051064108155e-14
13 32 5.6954420736208697e-15
13 33 1.6033706971387347e-14
13 34 5.9696464654205876e-15
13 35 6.6704981018012646e-15
13 36 4.83433496171485e-15
13 37 6.8227649755199591e-15
13 38 4.5321290467300871e-15
13 39 6.9745688825794153e-15
13 40 2.5576161417819171e-15
13 41 6.0544471356462634e-15
13 42 3.9334660982006717e-15
13 43 3.1559691923159296e-15
13 44 4.1669624686482566e-15
13 45 5.0029499595972618e-15
13 46 4.0804478143436242e-15
13 47 7.4139981404539687e-15
13 48 4.6934368965579953e-15
13 49 4.9019730477874121e-15
13 50 5.9479659749524721e-15
13 51 3.4690990960339096e-15
13 52 5.3274678357876872e-15
13 53 3.1058764764868471e-15
13 54 3.9157527757029422e-15
13 55 4.8596163516848591e-15
13 56 4.9214842091205563e-15
13 57 5.9097921830459897e-15
13 58 5.7302528061597587e-15
13 59 5.4806853819164819e-15
13 60 4.9558469616572264e-15
13 61 6.1951894172900534e-15
13 62 5.6759077708613856e-15
13 63 3.5230844774576197e-14
14 0 2.3636390660422589e-15
14 1 1.5259983694847542e-14
14 2 3.635280207188757e-15
14 3 6.2392806504250767e-15
14 4 4.4841551738138403e-15
14 5 4.3962756576203574e-15
14 6 3.4637841941927556e-15
14 7 1.2941538395984146e-14
14 8 5.4103990416129112e-15
14 9 1.0566260741368469e-14
14 10 1.2427822273174785e-14
14 11 3.4627198332381563e-14
14 12 1.7818274636963417e-14
14 13 1.0319645123577541e-13
14 14 2.4324521897132106e-14
14 15 8.4686773147632236e-14
14 16 1.1581971394078985e-14
14 17 3.3758842750836733e-15
14 18 9.360415140922819e-15
14 19 1.0556763780213155e-14
14 20 5.6003749468359048e-15
14 21 8.9475289582859794e-15
14 22 7.7089840564615369e-15
14 23 9.3392337850688086e-15
14 24 7.0025413056090126e-15
14 25 2.4148751643656324e-15
14 26 3.7142347336124208e-15
14 27 2.0572607388972455e-15
14 28 3.0330964610157225e-15
14 29 2.3491780959864982e-15
14 30 1.7567195090658666e-15
14 31 4.2573095757573663e-15
14 32 1.6605751946296418e-15
14 33 6.589084341719093e-15
14 34 7.2452812441861021e-16
14 35 2.244999013481562e-15
14 36 1.0920190910864353e-15
14 37 2.9096457674694614e-15
14 38 1.1359067769663357e-15
14 39 3.2621523764279478e-15
14 40 3.0843359361342947e-15
14 41 3.748697806967083e-15
14 42 3.8486891382132285e-15
14 43 4.4012625331452614e-15
14 44 2.0255463304976843e-15
14 45 2.3325356690581788e-15
14 46 1.4532420511262083e-15
14 47 2.0943131251139965e-15
14 48 1.7763506007072724e-15
14 49 2.6893758028634605e-15
14 50 1.7752065857728941e-15
14 51 7.1847564369142407e-15
14 52 3.1554309197657997e-16
14 53 4.1635896485680995e-15
14 54 1.9688301909764e-15
14 55 3.5315704633153621e-15
14 56 1.8288030286159967e-15
14 57 3.2340569492679565e-15
14 58 1.3806188643115817e-15
14 59 4.0203361165650457e-15
14 60 2.5501237649385097e-15
14 61 1.1719394554193363e-15
14 62 3.3510497141772965e-15
14 63 1.090624658828102e-14
15 0 3.5308395691662143e-15
15 1 1.6535674376634575e-14
15 2 2.5190850356473225e-15
15 3 7.1047934066379066e-15
15 4 3.7874293796946424e-15
15 5 4.7270256358687211e-15
15 6 6.4030432001092551e-15
15 7 8.7032413321610028e-15
15 8 6.6926494687993779e-15
15 9 1.5832502249378077e-14
15 10 9.7740333973981302e-15
15 11 5.1734590919786474e-15
15 12 2.449672263330938e-14
15 13 1.892472251721932e-14
15 14 6.7897656858728775e-14
15 15 1.1701992650708698e-13
15 16 4.7132294005497591e-14
15 17 2.2364559299089069e-14
15 18 1.6637944209982561e-14
15 19 1.5818126574181979e-14
15 20 7.797104115899365e-15
15 21 6.4128955637168496e-15
15 22 2.0183196457663729e-15
15 23 8.7218436212347179e-15
15 24 4.1271199564134943e-15
15 25 1.1469613883769552e-14
15 26 5.8945196736483999e-15
15 27 7.2283301364256527e-15
15 28 5.082648430192102e-15
15 29 5.9985969955639305e-15
15 30 5.0061004685068178e-15
15 31 9.8213155947939495e-15
15 32 3.5366471786365688e-15
15 33 7.6649488975065174e-15
15 34 3.9010139500368161e-15
15 35 5.374472572703089e-15
15 36 2.777672528213301e-15
15 37 5.4095222485878025e-15
15 38 2.5254513672224486e-15
15 39 7.8232495892166473e-15
15 40 6.417036185941836e-16
15 41 5.6778847739591097e-15
15 42 2.8116558294358074e-15
15 43 2.2519110734136569e-15
15 44 2.3440559678269237e-15
15 45 3.5914617724112518e-15
15 46 2.1052937983315111e-15
15 47 3.5863262607802686e-15
15 48 2.7707550967487427e-15
15 49 1.7468279148907593e-15
15 50 3.9039863281780867e-15
15 51 3.8741021511862938e-15
15 52 3.1263976792398336e-15
15 53 2.4979252005635421e-15
15 54 1.6478734678740327e-15
15 55 4.8263429198088327e-15
15 56 2.5353709116395175e-15
15 57 5.2781332292613097e-15
15 58 3.0718293239499395e-15
15 59 3.5910477257329388e-15
15 60 2.1774351240075631e-15
15 61 3.3575576461914349e-15
15 62 2.7605709060298118e-15
15 63 2.5829183066577259e-13
16 0 7.7118555927012688e-16
16 1 2.0085948092463362e-14
16 2 1.4116002933513944e-15
16 3 1.8554709900480136e-15
16 4 1.8524301015889264e-15
16 5 1.7909521726832067e-15
16 6 1.454997683088807e-15
16 7 3.1153658250326915e-15
16 8 1.4344353023229514e-15
16 9 8.2264401490811084e-15
16 10 5.035830812265541e-15
16 11 1.3145326672839123e-14
16 12 8.1147684688587875e-15
16 13 2.8556035072860646e-14
16 14 1.1581971394078985e-14
16 15 2.8450893550617785e-14
16 16 5.8411686366530626e-14
16 17 1.037240141327372e-14
16 18 9.3922371252129596e-15
16 19 3.9738011560827627e-15
16 20 2.5173950411304412e-15
16 21 8.2784824176909591e-15
16 22 7.140896200042606e-15
16 23 5.7199860837408944e-15
16 24 5.7196473316615496e-15
16 25 2.0462345357072845e-15
16 26 3.0426431844032424e-15
16 27 2.5183846086236654e-15
16 28 2.3936584605091764e-15
16 29 2.5828724704364724e-15
16 30 1.8574300835104601e-15
16 31 5.0593344222106077e-15
16 32 7.7118555927012669e-16
16 33 1.0722020811658976e-14
16 34 1.0617358010369091e-15
16 35 1.0023815514205534e-15
16 36 3.5576189613528418e-16
16 37 3.0618957951794176e-15
16 38 4.3161712658756805e-16
16 39 2.8726077619930957e-15
16 40 2.0154975452067787e-15
16 41 4.4096914510011463e-15
16 42 2.891497726093264e-15
16 43 2.2607237782521401e-15
16 44 1.0701856833238159e-15
16 45 1.841553884293158e-15
16 46 3.2830468287903241e-16
16 47 2.1956609786587764e-15
16 48 1.0547118733938985e-15
16 49 3.1752666118152169e-15
16 50 1.7763506007072736e-15
16 51 4.7664147555928108e-15
16 52 8.6136790497262279e-16
16 53 3.0145819190798094e-15
16 54 7.959872568918442e-16
16 55 5.781460727399675e-16
16 56 6.6978153140373738e-16
16 57 3.3300045223422957e-15
16 58 5.1255934418857019e-16
16 59 1.1623185418552581e-15
16 60 1.0108427973613797e-15
16 61 2.3878362333234962e-16
16 62 1.702636525796206e-15
16 63 1.6011969717401613e-14
17 0 9.8108505681460218e-16
17 1 4.1212580879034659e-14
17 2 3.5587224765134769e-16
17 3 1.9121569821541003e-15
17 4 6.4381684764553976e-16
17 5 2.807798045019273e-15
17 6 2.1314361199493982e-15
17 7 3.8092212852796304e-15
17 8 1.4250232195315673e-15
17 9 4.1526653947737986e-15
17 10 2.8268572978755381e-15
17 11 7.5195074233443485e-15
17 12 7.9504282876397096e-15
17 13 2.3066677476215082e-14
17 14 1.3822717156842055e-14
17 15 1.7920384744508508e-14
17 16 1.821575017583091e-14
17 17 6.7722694434289677e-15
17 18 1.6138296634436232e-14
17 19 6.7643969026446331e-15
17 20 2.7962991748054683e-15
17 21 8.1737929025589608e-15
17 22 6.8921286608638947e-15
17 23 8.5469274853918658e-15
17 24 3.9249688194713699e-15
17 25 6.9122704167329457e-15
17 26 3.3060239348677373e-15
17 27 4.4114782629263836e-15
17 28 2.7002368248434415e-15
17 29 3.6684723484209346e-15
17 30 2.892799516529214e-15
17 31 1.4355116899128984e-14
17 32 1.4831090262688393e-15
17 33 4.0915043090603108e-15
17 34 2.2121194140841174e-15
17 35 2.3464637720464696e-15
17 36 1.3984408328921192e-15
17 37 2.6679120098663307e-15
17 38 1.2987835552832661e-15
17 39 6.1536347442210398e-15
17 40 1.2240883804265983e-15
17 41 2.3967084960849552e-15
17 42 2.1595308959399606e-15
17 43 1.2015795334663477e-15
17 44 7.3547480715102008e-16
17 45 1.0502594687274576e-15
17 46 5.8409488715491832e-16
17 47 2.6750211695365032e-15
17 48 1.1145567452693993e-15
17 49 2.6649283283077774e-15
17 50 2.2027868903428766e-15
17 51 3.7947601558417707e-15
17 52 1.7574840466370013e-15
17 53 1.8529017065563866e-15
17 54 5.5583117979396391e-16
17 55 3.1265743741470483e-15
17 56 6.7466380687161461e-16
17 57 1.8364872802301802e-15
17 58 1.1577676092653302e-15
17 59 2.6752888845211555e-16
17 60 1.0064095187143091e-16
17 61 2.8664857751061433e-15
17 62 8.1202216696883257e-16
17 63 4.5829854387335759e-14
18 0 4.8733338004067047e-16
18 1 1.8956626570850678e-14
18 2 1.4193484110519655e-15
18 3 3.2422689026712468e-16
18 4 8.1657776652335239e-16
18 5 4.5098296466618635e-15
18 6 9.5973983710099112e-16
18 7 5.8275152474782568e-15
18 8 8.2870204998808599e-16
18 9 7.8442801020997731e-15
18 10 1.5642921718226349e-15
18 11 9.1204604506088087e-15
18 12 4.0229904989407651e-15
18 13 2.4273821718903752e-14
18 14 9.3604151409228222e-15
18 15 3.2587756055310815e-14
18 16 9.3922371252129596e-15
18 17 2.8611749827460644e-14
18 18 4.1744449421340771e-14
18 19 2.875466160665816e-14
18 20 8.0120760946312025e-15
18 21 2.0387902672262894e-14
18 22 1.2594744891993621e-14
18 23 1.712466111915946e-14
18 24 5.5399098054431676e-15
18 25 1.1743581136014553e-14
18 26 1.660075321709996e-15
18 27 5.9198609396719448e-15
18 28 1.2662337346154666e-15
18 29 4.2801318822304987e-15
18 30 1.9331840724163662e-15
18 31 4.65423249479671e-15
18 32 8.5564697594139048e-16
18 33 1.5862712378323247e-14
18 34 1.8053025960161387e-15
18 35 2.0699860640566989e-15
18 36 1.571473086923225e-15
18 37 2.0347190137116902e-15
18 38 1.5574623515272939e-15
18 39 4.3636969119908341e-15
18 40 2.1114435862505863e-15
18 41 4.8762836583224855e-15
18 42 2.1100864901616894e-15
18 43 1.8933420058737618e-15
18 44 2.1849600077741981e-16
18 45 1.4799763298311645e-15
18 46 7.1608997773649554e-16
18 47 1.7435888393349059e-15
18 48 3.2830468287903102e-16
18 49 3.5465260892784029e-15
18 50 1.4532420511262101e-15
18 51 3.7887161713866357e-15
18 52 1.6069340065359516e-15
18 53 3.1794756656316198e-15
18 54 1.2042301977896895e-15
18 55 3.4319033867561829e-15
18 56 3.2760415025083684e-16
18 57 3.6743517475941477e-15
18 58 7.3530830031145384e-16
18 59 1.0167916731784381e-15
18 60 8.0438047560509298e-16
18 61 3.7227317155573611e-15
18 62 7.4893019307495988e-16
18 63 1.5256021455437196e-14
19 0 2.1685064990756349e-16
19 1 1.5982791419208297e-14
19 2 1.3315775084953751e-15
19 3 1.9258909639954985e-15
19 4 1.2146623904227634e-15
19 5 2.991767310878454e-15
19 6 4.5114493809778683e-16
19 7 3.2138613808452221e-15
19 8 5.3175154692713003e-16
19 9 1.4526801881339226e-15
19 10 2.5801388048337322e-15
19 11 6.9517292520447835e-15
19 12 3.5339427433083926e-15
19 13 1.8795509479143367e-14
19 14 5.4742162078140017e-15
19 15 1.807380738842289e-14
19 16 3.138075884738414e-15
19 17 1.7594089040092751e-14
19 18 1.0459611123912787e-14
19 19 1.0683688129667474e-13
19 20 1.2298316081457472e-14
19 21 2.5694943533019233e-14
19 22 1.6079199476739011e-14
19 23 1.2016099333861333e-14
19 24 8.2535113366379979e-15
19 25 9.5498236962865741e-15
19 26 2.891268855732892e-15
19 27 3.7018197103922484e-15
19 28 2.0350278887453292e-15
19 29 2.6524056418296111e-15
19 30 1.7055219790349405e-15
19 31 1.48962462440495e-14
19 32 2.266238485974604e-16
19 33 1.1631714266150752e-14
19 34 1.2255751560168616e-15
19 35 1.9564987758897404e-15
19 36 9.9372320550924592e-16
19 37 1.3670349433288338e-15
19 38 1.0448187357482173e-15
19 39 6.6501500426110967e-15
19 40 2.2883655181954091e-15
19 41 1.8810754631322135e-15
19 42 2.708702081328133e-15
19 43 1.9359832233604707e-15
19 44 7.3134934325342731e-16
19 45 5.5867035381672412e-16
19 46 4.2341910156424471e-16
19 47 5.4385209226626498e-15
19 48 6.0169028384241453e-16
19 49 3.1829234812702414e-15
19 50 1.4173382716380823e-15
19 51 4.4395085578489874e-15
19 52 1.0913765444994678e-15
19 53 2.9618651354059027e-15
19 54 1.0199585583211943e-15
19 55 3.046896183148107e-15
19 56 3.0084447390215067e-16
19 57 8.5982102130172556e-16
19 58 2.0759565734939753e-16
19 59 8.02952953046194e-16
19 60 8.7123738084841962e-16
19 61 2.5525369873803322e-15
19 62 1.2185364484520892e-15
19 63 7.2124774032062802e-14
20 0 6.368420653237096e-16
20 1 1.7059204578557481e-15
20 2 5.3851597961463963e-16
20 3 2.0401704254536823e-15
20 4 9.0655415305316125e-16
20 5 7.0732204250493635e-16
20 6 1.3687232065940665e-15
20 7 1.6452233912574282e-15
20 8 7.7957527785189162e-16
20 9 6.9052660909636679e-15
20 10 2.4906591587875822e-15
20 11 5.1844245848263906e-15
20 12 4.6470411742540031e-15
20 13 1.2010167261344873e-14
20 14 5.6003749468359063e-15
20 15 1.1951912679289401e-14
20 16 2.5173950411304388e-15
20 17 1.9136804470865722e-14
20 18 8.012076094631201e-15
20 19 9.0426642371897778e-15
20 20 7.5545559448348151e-14
20 21 2.4564610835671692e-14
20 22 1.7957866956244018e-14
20 23 1.4120508749414011e-14
20 24 8.8555988194881634e-15
20 25 2.0151125223977421e-14
20 26 4.8567320477521479e-15
20 27 5.2888833347957224e-15
20 28 3.5151201291159865e-15
20 29 3.596180057328644e-15
20 30 3.1349120153133722e-15
20 31 1.3883412029661001e-14
20 32 1.3285910571516759e-15
20 33 1.08600052658387e-14
20 34 2.0130256356832323e-15
20 35 2.6871653328573673e-15
20 36 1.0091366264675831e-15
20 37 3.046982694714708e-15
20 38 9.2237705983503474e-16
20 39 4.0244598983760738e-15
20 40 1.6841496321543884e-15
20 41 4.9983022836781906e-15
20 42 2.706373262115512e-15
20 43 1.5517796033220639e-15
20 44 8.8309241217734354e-16
20 45 1.0392090013605992e-15
20 46 2.1849600077742218e-16
20 47 2.8697219339739618e-15
20 48 1.0701856833238157e-15
20 49 3.1032012008252722e-15
20 50 2.0255463304976843e-15
20 51 4.1063597968624635e-15
20 52 1.3326303784975484e-15
20 53 1.9484305414129018e-15
20 54 4.1948996999961143e-16
20 55 1.307574763050604e-15
20 56 5.1049878710751363e-16
20 57 3.6908817540448285e-15
20 58 7.736666735025381e-16
20 59 6.5799010067444437e-16
20 60 4.0217075213036571e-16
20 61 1.4739213777125361e-15
20 62 1.0714745249379644e-15
20 63 1.4338111574036519e-14
21 0 1.9715918257355941e-15
21 1 1.8848697668482228e-14
21 2 1.1356799383948199e-15
21 3 3.3813368887512482e-15
21 4 1.5539118338717365e-15
21 5 1.669294026928309e-15
21 6 3.0628417489261694e-15
21 7 1.2854633411002138e-15
21 8 2.6430862261335841e-15
21 9 9.6924520641605735e-15
21 10 2.9363415726514376e-15
21 11 1.3829347515667289e-15
21 12 6.6325660668136854e-15
21 13 7.6901034242168736e-15
21 14 8.6943596923434766e-15
21 15 4.4958532302595227e-15
21 16 7.4391789532526144e-15
21 17 2.0561160260869059e-14
21 18 1.1368475894472139e-14
21 19 2.273352827455249e-14
21 20 2.6958343643929939e-14
21 21 6.1193801040242536e-15
21 22 2.5694524462699244e-14
21 23 1.9983106410172339e-14
21 24 6.5521553305853186e-15
21 25 3.3995279866397922e-14
21 26 9.0949890801114456e-15
21 27 1.2192130006539095e-14
21 28 6.6082086389568234e-15
21 29 7.1531054835876566e-15
21 30 6.2706690255573554e-15
21 31 1.5024664245099356e-14
21 32 3.8202549063302834e-15
21 33 1.1884860239135186e-14
21 34 4.357549068423561e-15
21 35 5.4837895852418537e-15
21 36 2.9399799088995885e-15
21 37 4.8379537661896785e-15
21 38 2.589042323022739e-15
21 39 5.2285685226970412e-15
21 40 3.7607048888603534e-16
21 41 7.1729971593838769e-15
21 42 2.2437755693790323e-15
21 43 7.6809809516176781e-16
21 44 1.6744907132368414e-15
21 45 2.2646737677617049e-15
21 46 1.6164424642878996e-15
21 47 4.2741063917785455e-15
21 48 2.0533876891423844e-15
21 49 5.1974498269312223e-15
21 50 3.1542477741219346e-15
21 51 2.6801761225614609e-15
21 52 2.6325216518057915e-15
21 53 9.2348263271912612e-16
21 54 1.1411307822398466e-15
21 55 1.8038016926916821e-15
21 56 1.6081122582571379e-15
21 57 5.4980786512886728e-15
21 58 2.0780319177101179e-15
21 59 1.8683801498641942e-15
21 60 1.1157679388442191e-15
21 61 2.3254417344804482e-15
21 62 1.3170965166759564e-15
21 63 2.945400181744195e-14
22 0 2.5916589634438636e-15
22 1 3.1003141080758966e-15
22 2 1.7480959251099133e-15
22 3 3.909962494485933e-15
22 4 2.6305367968089789e-15
22 5 2.7035524063558684e-15
22 6 3.7148823844091579e-15
22 7 2.0830289341799381e-15
22 8 3.4354912005206671e-15
22 9 4.1431867432818657e-15
22 10 4.598179915080669e-15
22 11 2.1404722925646959e-15
22 12 7.5043674244015967e-15
22 13 4.2370457350837238e-15
22 14 7.7089840564615354e-15
22 15 2.0117084749079355e-14
22 16 7.1408962000426076e-15
22 17 9.9057813710838897e-15
22 18 1.2594744891993615e-14
22 19 1.4668386998454251e-14
22 20 1.7957866956244018e-14
22 21 2.8125866542918768e-14
22 22 1.6634424809946396e-14
22 23 2.8828413865290316e-14
22 24 2.2664262844815343e-14
22 25 2.9731091349898985e-14
22 26 1.5821506480465288e-14
22 27 1.2595180104286162e-14
22 28 1.0516764759280948e-14
22 29 1.0844177031063039e-14
22 30 8.4156489076959814e-15
22 31 1.9608631812251895e-14
22 32 5.2869377571069996e-15
22 33 6.0234719900734482e-15
22 34 5.158347606198975e-15
22 35 5.933584285877665e-15
22 36 3.2471834391201738e-15
22 37 6.7602387368151664e-15
22 38 2.7394717132076e-15
22 39 7.1602274336924178e-15
22 40 1.2528795622461769e-15
22 41 3.902449791951444e-15
22 42 3.8306769109571343e-15
22 43 1.9750961751474456e-15
22 44 2.7063732621155124e-15
22 45 3.625672314887368e-15
22 46 2.1100864901616867e-15
22 47 9.1704806766968853e-15
22 48 2.8914977260932632e-15
22 49 1.3706368825608443e-15
22 50 3.8486891382132253e-15
22 51 3.9815292882792474e-15
22 52 2.6776529841799494e-15
22 53 1.8232239129716475e-15
22 54 1.3509018548712859e-15
22 55 2.465470606238391e-15
22 56 2.2460732697351222e-15
22 57 2.4967644844586165e-15
22 58 2.5175029158347366e-15
22 59 2.2244481920881862e-15
22 60 1.830865016090279e-15
22 61 2.7463791053854848e-15
22 62 2.4013741528153348e-15
22 63 1.9653306926833745e-14
23 0 2.4811311876098954e-15
23 1 6.9713375596811628e-15
23 2 2.2680656188488529e-15
23 3 4.2901764791016204e-15
23 4 3.0926097330754035e-15
23 5 1.3464692950686673e-15
23 6 3.2351656259991752e-15
23 7 1.6608561179260632e-15
23 8 3.2850257329537583e-15
23 9 3.8341610005534883e-15
23 10 5.0958903852971426e-15
23 11 7.150184844207525e-15
23 12 6.2865494162721594e-15
23 13 8.5576102336151079e-15
23 14 4.3257467391639789e-15
23 15 8.4520100507717212e-15
23 16 5.1136130035652562e-15
23 17 1.4864273166941212e-14
23 18 1.0686681776605412e-14
23 19 1.1813247763448106e-14
23 20 1.2692287028198201e-14
23 21 2.0760971937297501e-14
23 22 3.5584649903258498e-14
23 23 1.3134089833095603e-13
23 24 6.8002944665301307e-14
23 25 1.202583244543814e-14
23 26 2.1503226286150026e-14
23 27 7.0796517645465575e-15
23 28 1.2563040017695571e-14
23 29 6.1796777678549072e-15
23 30 8.1726187110229539e-15
23 31 2.8357363482480699e-14
23 32 5.2913949017818681e-15
23 33 1.2355652861968859e-14
23 34 4.1446078307770608e-15
23 35 5.0039057724191876e-15
23 36 2.472291910129674e-15
23 37 4.5474796438607235e-15
23 38 2.010074551493712e-15
23 39 6.236753965203143e-15
23 40 3.1664911488280873e-15
23 41 4.947031672042562e-15
23 42 5.1837786005537593e-15
23 43 4.5111669755109192e-15
23 44 3.1126889528336948e-15
23 45 2.3402456459113005e-15
23 46 2.0966002235490972e-15
23 47 3.9496497948233784e-16
23 48 2.9469502778441432e-15
23 49 7.1971803618897351e-15
23 50 3.4547456117582151e-15
23 51 6.5905660122025888e-15
23 52 1.6981981305006198e-15
23 53 2.9717109932299525e-15
23 54 1.6126115094444736e-15
23 55 1.4670021498549318e-15
23 56 2.2861260225780793e-15
23 57 2.6818136677909061e-15
23 58 2.1716169359199283e-15
23 59 3.0811359590926192e-15
23 60 2.2278000738977957e-15
23 61 4.3652942017893128e-16
23 62 2.9550393173379208e-15
23 63 4.902370815640813e-14
24 0 1.9823419695297125e-15
24 1 8.9575413727141735e-15
24 2 1.6348405667502327e-15
24 3 1.503074047856307e-15
24 4 1.4340466021777883e-15
24 5 1.1632844313530933e-15
24 6 2.7522784580573252e-15
24 7 2.5484224858187489e-15
24 8 2.4632193765065996e-15
24 9 3.2718995963143427e-15
24 10 1.7856083442942315e-15
24 11 3.2847030901880583e-15
24 12 4.7691551556122733e-15
24 13 6.3231016262666e-15
24 14 7.0025413056090134e-15
24 15 5.4372983001919998e-15
24 16 5.7196473316615567e-15
24 17 1.940435334518417e-14
24 18 5.5399098054431676e-15
24 19 5.6433049755871514e-15
24 20 8.8555988194881618e-15
24 21 2.1799463770168603e-15
24 22 2.266426284481535e-14
24 23 6.209750448204699e-14
24 24 2.0495501603912844e-13
24 25 9.3659521927336053e-14
24 26 1.9518434110733096e-14
24 27 1.8978375597394548e-14
24 28 1.0192589156613398e-14
24 29 1.0004414170626261e-14
24 30 9.2109722609715416e-15
24 31 9.8204167833859521e-15
24 32 5.4728346672899301e-15
24 33 2.2881561608053401e-14
24 34 6.0000294216286561e-15
24 35 4.4959579669951596e-15
24 36 4.3920720473049009e-15
24 37 5.2058380665554489e-15
24 38 3.8403114968732914e-15
24 39 6.2215292487226347e-15
24 40 1.7747227436791385e-15
24 41 3.4714827211274231e-15
24 42 1.2528795622461771e-15
24 43 8.2703830301211522e-16
24 44 1.684149632154389e-15
24 45 2.0671965179544008e-15
24 46 2.1114435862505907e-15
24 47 1.6446919478046853e-15
24 48 2.0154975452067768e-15
24 49 4.4829954968149628e-15
24 50 3.0843359361342971e-15
24 51 3.1757793634165272e-15
24 52 3.0846928251289601e-15
24 53 1.1312887538150529e-15
24 54 1.7792767494834564e-15
24 55 2.6461236098164532e-15
24 56 1.7136679897814641e-15
24 57 2.1342610931370394e-15
24 58 2.2113373171168742e-15
24 59 6.690022489595618e-16
24 60 1.3835819866155792e-15
24 61 1.9977431277236604e-15
24 62 1.0301916695919461e-15
24 63 8.0207452233000467e-15
25 0 2.5121002827932179e-15
25 1 1.5055592816223066e-14
25 2 2.9490168915449388e-15
25 3 3.8178004058133927e-15
25 4 3.404425747945833e-15
25 5 3.4017047792178124e-15
25 6 2.8138002855225679e-15
25 7 1.5137475952750553e-15
25 8 3.2543191341361726e-15
25 9 4.4208623009890456e-15
25 10 4.9313217784357325e-15
25 11 7.7386672156660113e-15
25 12 4.5528568659934861e-15
25 13 1.072491823311839e-14
25 14 1.8955642839294901e-15
25 15 3.7476298639788927e-15
25 16 4.4227189272184477e-15
25 17 1.2624696387634305e-14
25 18 8.0827214004730336e-15
25 19 8.723930963394431e-15
25 20 9.6170797184132881e-15
25 21 2.0393931686576977e-14
25 22 2.1761938087211247e-14
25 23 4.6862783340428392e-15
25 24 8.283145007249608e-14
25 25 7.3254524862340708e-14
25 26 6.1668630496774576e-14
25 27 1.1400923123612697e-14
25 28 1.9683366840298446e-14
25 29 1.0762603218141248e-14
25 30 9.1089388173680905e-15
25 31 6.5977171924006173e-15
25 32 6.5116510565764397e-15
25 33 2.2790795412756296e-14
25 34 3.6787729238160167e-15
25 35 4.5887566751719936e-15
25 36 3.1604215692864567e-15
25 37 5.2960075540874334e-15
25 38 2.7431464163949276e-15
25 39 6.2777865092174835e-15
25 40 5.1646709920670942e-15
25 41 6.2498645246628741e-15
25 42 6.2710334496588648e-15
25 43 5.5616160503133598e-15
25 44 3.6038803347902336e-15
25 45 3.655543795488736e-15
25 46 2.5813412409575947e-15
25 47 2.7491245457710429e-15
25 48 2.9987735630205052e-15
25 49 2.6623422835059706e-15
25 50 2.8455440763593972e-15
25 51 7.2854432059499736e-15
25 52 1.1644321166458461e-15
25 53 4.9739904984945869e-15
25 54 2.4108694967481901e-15
25 55 1.0755450424295364e-15
25 56 2.4709774234825797e-15
25 57 3.3631566794536142e-15
25 58 2.0531721404905226e-15
25 59 3.2587850866389354e-15
25 60 2.7370970525866757e-15
25 61 1.8661076380469988e-15
25 62 3.3024621740012591e-15
25 63 2.2822626422081319e-14
26 0 9.6425554159603406e-16
26 1 7.6655639778685333e-15
26 2 1.7689493384529785e-15
26 3 9.8122641948585401e-16
26 4 1.2291023733873048e-15
26 5 1.244470195543584e-15
26 6 9.6188174544956596e-16
26 7 3.3228853398700315e-15
26 8 1.2765350778527261e-15
26 9 8.6147536971026391e-16
26 10 1.1082422744073517e-15
26 11 4.8001347805832831e-15
26 12 1.1818156662758489e-15
26 13 8.0926550770909493e-15
26 14 3.7142347336124256e-15
26 15 1.0205775860287664e-14
26 16 3.0426431844032448e-15
26 17 1.4366905118195129e-14
26 18 1.6600753217099988e-15
26 19 2.1225434063844865e-15
26 20 4.8567320477521479e-15
26 21 9.1327984506447383e-15
26 22 1.5821506480465279e-14
26 23 1.6760374206234423e-14
26 24 1.9518434110733096e-14
26 25 5.5657247283076826e-14
26 26 1.6601446092326581e-13
26 27 3.0583129471080033e-14
26 28 1.4380810002029882e-15
26 29 4.6104846340421129e-15
26 30 4.8849885955224184e-15
26 31 1.0430730360842114e-14
26 32 3.1440393372546578e-15
26 33 1.3663372865011272e-14
26 34 3.8201340873378935e-15
26 35 1.7971055366282173e-15
26 36 3.6184916369035346e-15
26 37 3.3903895833695483e-15
26 38 3.26349284127078e-15
26 39 4.2973929811530137e-15
26 40 3.8403114968732906e-15
26 41 2.5184771085667584e-15
26 42 2.7394717132076067e-15
26 43 2.9045986831644695e-15
26 44 9.2237705983503829e-16
26 45 1.3605149293368673e-15
26 46 1.5574623515272955e-15
26 47 1.9416652618205994e-15
26 48 4.3161712658756884e-16
26 49 9.6628525877826074e-15
26 50 1.1359067769663393e-15
26 51 4.8856129409414806e-15
26 52 1.9946991661824993e-15
26 53 3.1222736234157424e-15
26 54 1.8494227657513954e-15
26 55 1.5105664955287205e-15
26 56 9.1737036144287697e-16
26 57 7.9753140755774778e-16
26 58 1.0474118241475067e-15
26 59 9.4252767210024491e-16
26 60 1.3411412201512271e-15
26 61 7.6169654238053615e-16
26 62 1.055483782195935e-15
26 63 7.5120034180757789e-15
27 0 1.5736583576729636e-15
27 1 9.700337801207446e-15
27 2 2.1114171197458799e-15
27 3 2.5817282403689382e-15
27 4 2.3497130993746371e-15
27 5 2.8683897965314012e-15
27 6 1.6135963781571883e-15
27 7 3.7190276492891523e-15
27 8 1.9780577822277081e-15
27 9 3.7061646194593027e-16
27 10 3.3249997864315891e-15
27 11 5.4527767804475382e-15
27 12 2.7720007082459859e-15
27 13 9.7761386729630702e-15
27 14 2.3799648805881453e-16
27 15 1.9337043668328754e-14
27 16 2.179438079977473e-15
27 17 6.1941137785253879e-15
27 18 4.3677962394515338e-15
27 19 3.7018197103922444e-15
27 20 4.7660573350913308e-15
27 21 1.2701294690994415e-14
27 22 1.1764254301279691e-14
27 23 1.7450633423220443e-14
27 24 2.2514854715498466e-14
27 25 2.9492064813945265e-14
27 26 4.3666830826684976e-14
27 27 2.2847626904199898e-14
27 28 4.0856735002571967e-14
27 29 1.1064971071317054e-14
27 30 9.2235357062616828e-15
27 31 3.0550690842655945e-14
27 32 5.4683043488634101e-15
27 33 1.5693954481703471e-14
27 34 2.0575703860577153e-15
27 35 3.6859149304732336e-15
27 36 2.1460982772581954e-15
27 37 3.4142037634625652e-15
27 38 1.9222740471377985e-15
27 39 1.9975593491801859e-15
27 40 4.8688994253576506e-15
27 41 2.6530996423388989e-15
27 42 5.6741424145344102e-15
27 43 4.5016161915162292e-15
27 44 2.7673477974787606e-15
27 45 2.7180743990676847e-15
27 46 1.7987814519724782e-15
27 47 8.9915173654337113e-15
27 48 2.1364011723680614e-15
27 49 5.8443626637438704e-15
27 50 2.0668038274338008e-15
27 51 6.3384701327640138e-15
27 52 2.9574863524753747e-16
27 53 4.6785746102950748e-15
27 54 1.8230898333876817e-15
27 55 2.0320170573448843e-15
27 56 1.6545028325043159e-15
27 57 5.1791086155352213e-16
27 58 1.1899676840564777e-15
27 59 2.1369071759938263e-15
27 60 1.9632780774236392e-15
27 61 1.8432449993698309e-15
27 62 2.4157977252457179e-15
27 63 3.4507248006905808e-14
28 0 8.5486048099525893e-16
28 1 5.9863917222252302e-15
28 2 1.6716820776203232e-15
28 3 4.1504658145470756e-16
28 4 1.1723562656154816e-15
28 5 2.2270504497771678e-15
28 6 7.6683593193272341e-16
28 7 5.4250797652762293e-15
28 8 1.0999742817524273e-15
28 9 2.5883431285814364e-15
28 10 1.107230039628799e-15
28 11 4.6293439266551458e-15
28 12 9.3498179276245001e-16
28 13 8.2419564035758159e-15
28 14 3.0330964610157221e-15
28 15 1.4039860822550513e-14
28 16 2.3936584605091748e-15
28 17 1.2377229062758335e-14
28 18 1.2662337346154662e-15
28 19 4.0937067343401303e-15
28 20 3.5151201291159889e-15
28 21 7.6985958199092243e-15
28 22 1.0516764759280946e-14
28 23 2.3030756403949357e-14
28 24 1.0192589156613398e-14
28 25 3.4344455135074811e-14
28 26 1.4380810002029878e-15
28 27 5.5956841021946511e-14
28 28 9.5761371974579058e-14
28 29 2.7847546964599222e-14
28 30 8.3385385276965106e-15
28 31 1.3490096137579727e-14
28 32 4.0856665605599625e-15
28 33 1.468746888627435e-14
28 34 4.5549321223356772e-15
28 35 4.7026785648689469e-15
28 36 4.1647710056472957e-15
28 37 2.5102692909010206e-15
28 38 3.6184916369035323e-15
28 39 4.7740433929946871e-15
28 40 4.3920720473049009e-15
28 41 1.1515888820982113e-15
28 42 3.2471834391201687e-15
28 43 3.161027364133718e-15
28 44 1.0091366264675801e-15
28 45 8.8778795660185331e-16
28 46 1.5714730869232256e-15
28 47 6.8444512801508294e-15
28 48 3.5576189613528403e-16
28 49 1.0214536872880012e-14
28 50 1.0920190910864365e-15
28 51 4.3218761263136899e-15
28 52 1.9197779811711356e-15
28 53 3.1725306364916435e-15
28 54 1.8354368239904303e-15
28 55 4.3775843282820744e-15
28 56 8.6106037302316029e-16
28 57 1.8756644483291711e-15
28 58 9.3156021273621755e-16
28 59 1.3119622310389118e-15
28 60 1.3062073394976862e-15
28 61 2.3856376099050605e-15
28 62 1.0790715458457552e-15
28 63 1.0484234042132452e-14
29 0 1.0901530632983397e-15
29 1 5.495394541012104e-14
29 2 1.9042864151180478e-15
29 3 1.103757673596596e-15
29 4 1.824072561238469e-15
29 5 1.8015269255980115e-15
29 6 8.508137177192584e-16
29 7 4.785649316624006e-15
29 8 1.3814867819856442e-15
29 9 3.4081186877613402e-15
29 10 2.3396062346477244e-15
29 11 4.4054978647216779e-15
29 12 1.3477327986930971e-15
29 13 7.7181830117763599e-15
29 14 1.114557815488179e-15
29 15 9.8633084512847065e-15
29 16 1.6939981140920996e-15
29 17 6.1127466846970549e-15
29 18 2.5309562329647751e-15
29 19 1.7329995916044019e-15
29 20 3.3513782359183918e-15
29 21 7.1531054835876534e-15
29 22 9.1278084335357438e-15
29 23 1.3706419196722715e-14
29 24 1.1906825342217518e-14
29 25 5.6706426971019046e-15
29 26 9.383115362215815e-15
29 27 1.3640668347843818e-14
29 28 2.5187784244646851e-14
29 29 4.507770369217098e-14
29 30 1.0075018060686321e-14
29 31 2.7658816941386411e-14
29 32 5.4783700695841803e-15
29 33 1.7894999589815638e-14
29 34 9.9091064000367831e-16
29 35 2.0021070415369947e-15
29 36 3.097771738141999e-15
29 37 2.8935727847235994e-15
29 38 2.7643182709518469e-15
29 39 5.5486147487000243e-15
29 40 5.5102708359098991e-15
29 41 7.0509271453009198e-15
29 42 5.3959254833877743e-15
29 43 3.7261273440245003e-15
29 44 2.2472622810241644e-15
29 45 1.4448416858969667e-15
29 46 1.6528714059691374e-15
29 47 3.6842431804254401e-15
29 48 1.4241021030337198e-15
29 49 4.4273997461548081e-15
29 50 1.1884441825206773e-15
29 51 5.4694002876395507e-15
29 52 8.0516228701492305e-16
29 53 3.7452066415139406e-15
29 54 1.8776422437991824e-15
29 55 3.1630893006136924e-15
29 56 1.2307682449159522e-15
29 57 3.1035379930068726e-15
29 58 7.3051772567546294e-16
29 59 1.1601029269148892e-15
29 60 1.6924918855573143e-15
29 61 1.3829990976321671e-15
29 62 1.9140615383803229e-15
29 63 4.0121956390255547e-14
30 0 1.0017755382565662e-15
30 1 6.313749667533466e-15
30 2 1.8978869636061639e-15
30 3 2.3634989283631417e-15
30 4 1.6381929771127146e-15
30 5 1.8580412589669364e-15
30 6 6.7942684350050179e-16
30 7 4.7668876909605565e-15
30 8 1.2639851241857081e-15
30 9 2.4199740516712825e-15
30 10 1.9026321344741772e-15
30 11 4.8792072216456652e-15
30 12 6.6129284231043734e-16
30 13 7.4725776721562882e-15
30 14 1.7567195090658672e-15
30 15 8.8964604603102149e-15
30 16 1.8574300835104593e-15
30 17 8.141786203795553e-15
30 18 1.9331840724163642e-15
30 19 2.7455650099072989e-15
30 20 3.1349120153133737e-15
30 21 6.3614644683508908e-15
30 22 8.4156489076959814e-15
30 23 1.2807226113324109e-14
30 24 9.2109722609715479e-15
30 25 1.7259440318937818e-14
30 26 4.8849885955224231e-15
30 27 1.138516044745993e-15
30 28 8.3385385276965106e-15
30 29 7.7488597701777433e-15
30 30 1.7175872089499041e-14
30 31 3.3175101903289107e-14
30 32 7.5695797866400389e-15
30 33 2.6395466019059121e-14
30 34 3.4742967261723986e-15
30 35 5.1975385153066246e-15
30 36 4.5549321223356787e-15
30 37 2.4663839681599734e-15
30 38 3.8201340873378959e-15
30 39 4.2620730511085165e-15
30 40 6.0000294216286585e-15
30 41 5.2845532515400999e-15
30 42 5.1583476061989758e-15
30 43 5.3627332183427765e-15
30 44 2.0130256356832343e-15
30 45 1.1589486598443665e-15
30 46 1.8053025960161427e-15
30 47 4.0383626878688827e-15
30 48 1.0617358010369085e-15
30 49 3.2706111873619315e-15
30 50 7.245281244186109e-16
30 51 6.815102061599863e-15
30 52 1.3479759082500555e-15
30 53 3.7239601955045395e-15
30 54 2.0258610621483747e-15
30 55 3.3096116499597123e-15
30 56 1.1400567971174768e-15
30 57 2.1272408589417369e-15
30 58 7.6640577263850902e-16
30 59 2.134550699585584e-15
30 60 1.6462875617553429e-15
30 61 1.6722089033278677e-15
30 62 1.69322626776046e-15
30 63 2.0848351557445609e-14
31 0 9.4955058078243121e-16
31 1 9.7067423689906635e-15
31 2 1.7495353995490509e-15
31 3 8.1756712138859134e-16
31 4 1.2579570717312757e-15
31 5 2.5127143315494476e-15
31 6 7.9110536201165526e-16
31 7 3.6119230091757216e-15
31 8 1.1413172875171947e-15
31 9 1.7181555792155249e-15
31 10 1.1412231205909277e-15
31 11 4.4311462010523177e-15
31 12 6.7655894553877995e-16
31 13 7.9756996792390244e-15
31 14 2.611342075159598e-15
31 15 1.2620743234388505e-14
31 16 2.1113057466989145e-15
31 17 3.014672132696309e-15
31 18 1.2253205654571976e-15
31 19 2.2707777666867418e-15
31 20 2.8483530195592773e-15
31 21 6.98217764407248e-15
31 22 7.4444521416493166e-15
31 23 5.6661491998881207e-15
31 24 6.2669115556849999e-15
31 25 5.5858588024182955e-15
31 26 8.5490320219039681e-16
31 27 9.1108767184333396e-15
31 28 9.3592607520551673e-16
31 29 9.8458727561479388e-15
31 30 1.5749170543836108e-14
31 31 1.350162759923831e-14
31 32 1.7853674152745678e-14
31 33 2.3239660632877364e-14
31 34 9.0852833699188698e-15
31 35 2.7106316149786094e-15
31 36 6.8785131576925795e-15
31 37 5.1155087784257028e-16
31 38 5.3094603132553513e-15
31 39 1.5731371790488548e-14
31 40 6.0277895403278405e-15
31 41 6.0683223176260828e-15
31 42 4.1655968274775867e-15
31 43 4.5463977170215755e-15
31 44 1.4283860384037674e-15
31 45 1.9112754286343187e-15
31 46 1.9729113799510095e-15
31 47 1.2574913074717643e-14
31 48 5.6339618160402602e-16
31 49 5.6394905850421468e-15
31 50 1.0511172098821311e-15
31 51 5.7506904390007967e-15
31 52 2.1030732031160742e-15
31 53 4.3606432796572565e-15
31 54 2.077666938767637e-15
31 55 3.637645179301763e-15
31 56 1.0241455243707644e-15
31 57 1.8337505252083514e-15
31 58 1.027805907022694e-15
31 59 1.3741822443231743e-15
31 60 1.4549297821221279e-15
31 61 2.3466481365417016e-15
31 62 1.2095282230381584e-15
31 63 3.5633533506606493e-13
32 0 2.7755575615628914e-16
32 1 7.4066038088719046e-15
32 2 1.1259813196853303e-15
32 3 1.5643352591453952e-15
32 4 9.3153152968656455e-16
32 5 1.03649832226181e-15
32 6 1.5049126817329436e-16
32 7 1.4021517445277664e-15
32 8 4.2292966136102602e-16
32 9 3.1582214678089956e-15
32 10 1.2942711554856009e-15
32 11 4.1101933023678291e-15
32 12 1.2809634321696077e-15
32 13 5.9673295235182944e-15
32 14 1.660575194629643e-15
32 15 4.7791956470715882e-15
32 16 7.7118555927012698e-16
32 17 2.1636219123344906e-16
32 18 8.5564697594139077e-16
32 19 1.4591295537626823e-15
32 20 1.3285910571516739e-15
32 21 3.9137233227949604e-15
32 22 5.2869377571069989e-15
32 23 4.1018305443103554e-15
32 24 5.472834667289923e-15
32 25 8.5079070237596302e-15
32 26 3.1440393372546582e-15
32 27 3.4649168959028581e-15
32 28 4.0856665605599617e-15
32 29 4.9844437355515774e-15
32 30 7.5695797866400421e-15
32 31 1.7351139480913876e-14
32 32 5.4956039718945249e-15
32 33 1.5115308613736809e-14
32 34 7.5695797866400389e-15
32 35 4.9438236595754028e-15
32 36 4.0856665605599641e-15
32 37 6.3734282839122147e-15
32 38 3.1440393372546586e-15
32 39 1.5411866666931114e-14
32 40 5.4728346672899269e-15
32 41 9.6436061523633244e-15
32 42 5.2869377571069981e-15
32 43 5.1011479018421772e-15
32 44 1.3285910571516755e-15
32 45 1.0130826923743455e-15
32 46 8.5564697594139196e-16
32 47 3.145177719542155e-15
32 48 7.7118555927012688e-16
32 49 3.4664800538891693e-15
32 50 1.6605751946296406e-15
32 51 6.465744465160448e-15
32 52 1.2809634321696037e-15
32 53 3.1845534608840348e-15
32 54 1.2942711554856033e-15
32 55 2.7683334928247921e-15
32 56 4.2292966136102839e-16
32 57 3.2097725408138552e-15
32 58 1.5049126817329431e-16
32 59 1.502741211871535e-15
32 60 9.3153152968656475e-16
32 61 1.1736980482652831e-15
32 62 1.1259813196853285e-15
32 63 1.0516597662471627e-14
33 0 9.4955058078241582e-16
33 1 1.2686230179750582e-14
33 2 1.2095282230381726e-15
33 3 1.689870300605056e-15
33 4 1.4549297821221297e-15
33 5 1.6434665316878713e-15
33 6 1.0278059070226922e-15
33 7 4.247712350221939e-15
33 8 1.0241455243707634e-15
33 9 2.6307851067893606e-15
33 10 2.0776669387676354e-15
33 11 3.3641269062346303e-15
33 12 2.1030732031160738e-15
33 13 6.2997193157721156e-15
33 14 1.0511172098821311e-15
33 15 6.1388929806926894e-15
33 16 5.6339618160402583e-16
33 17 4.0387946774801663e-15
33 18 1.9729113799510091e-15
33 19 7.0993292320855205e-16
33 20 1.4283860384037676e-15
33 21 5.0205487885310693e-15
33 22 4.1655968274775852e-15
33 23 6.1327264442427302e-15
33 24 6.027789540327835e-15
33 25 1.4399388591434984e-14
33 26 5.3094603132553419e-15
33 27 3.3676258400332377e-15
33 28 6.8785131576925795e-15
33 29 3.8862680494585577e-15
33 30 9.0852833699188713e-15
33 31 4.1477368085500062e-14
33 32 1.7853674152745681e-14
33 33 1.4450330855542095e-14
33 34 1.5749170543836108e-14
33 35 1.3356625215006502e-14
33 36 9.359260752055185e-16
33 37 9.3347521332749932e-15
33 38 8.549032021903975e-16
33 39 2.236544615315707e-14
33 40 6.2669115556850015e-15
33 41 2.8762491426665399e-15
33 42 7.4444521416493134e-15
33 43 4.6820443966999817e-15
33 44 2.8483530195592773e-15
33 45 2.886637320229723e-15
33 46 1.2253205654572e-15
33 47 2.0122503034316028e-15
33 48 2.1113057466989176e-15
33 49 6.0218120959334721e-15
33 50 2.6113420751595952e-15
33 51 6.3149240954844392e-15
33 52 6.765589455387839e-16
33 53 4.3634456377130176e-15
33 54 1.1412231205909249e-15
33 55 4.5185732318469125e-15
33 56 1.1413172875171907e-15
33 57 2.3721356812470419e-15
33 58 7.9110536201165023e-16
33 59 1.2440219332978004e-15
33 60 1.2579570717312722e-15
33 61 8.9775350347633627e-16
33 62 1.7495353995490481e-15
33 63 1.4866896857190432e-14
34 0 1.0017755382565666e-15
34 1 8.4994353964155714e-15
34 2 1.6932262677604562e-15
34 3 1.9135322893659319e-15
34 4 1.6462875617553423e-15
34 5 2.0232688545912723e-15
34 6 7.6640577263850961e-16
34 7 1.8670786359253897e-15
34 8 1.1400567971174772e-15
34 9 4.407284295377605e-15
34 10 2.0258610621483695e-15
34 11 4.2671428902158162e-15
34 12 1.3479759082500568e-15
34 13 6.6582581621160229e-15
34 14 7.2452812441861178e-16
34 15 1.7712942247105311e-15
34 16 1.0617358010369075e-15
34 17 3.4740591268417911e-15
34 18 1.8053025960161372e-15
34 19 1.8340624703131289e-15
34 20 2.0130256356832351e-15
34 21 5.2925111684611764e-15
34 22 5.1583476061989742e-15
34 23 4.2029185797773207e-15
34 24 6.0000294216286577e-15
34 25 2.4522744974544625e-15
34 26 3.8201340873378935e-15
34 27 1.6866570481259363e-15
34 28 4.5549321223356764e-15
34 29 2.5130559672818395e-15
34 30 3.4742967261723971e-15
34 31 3.5253246625715866e-14
34 32 7.5695797866400389e-15
34 33 8.5615300164131687e-15
34 34 1.7175872089499038e-14
34 35 1.71700122781636e-14
34 36 8.3385385276965091e-15
34 37 9.8985744067471307e-15
34 38 4.8849885955224129e-15
34 39 9.2592775274053407e-15
34 40 9.2109722609715448e-15
34 41 1.6215345758680716e-14
34 42 8.4156489076959799e-15
34 43 7.0386256829756517e-15
34 44 3.1349120153133741e-15
34 45 3.1643567882463549e-15
34 46 1.9331840724163658e-15
34 47 4.4255331780012996e-15
34 48 1.8574300835104593e-15
34 49 6.699589033093424e-15
34 50 1.756719509065868e-15
34 51 7.5541561515748515e-15
34 52 6.6129284231043616e-16
34 53 4.907478473856267e-15
34 54 1.9026321344741776e-15
34 55 8.2278610450153449e-16
34 56 1.2639851241857091e-15
34 57 4.8547447493454999e-15
34 58 6.79426843500501e-16
34 59 1.9744998872067497e-15
34 60 1.6381929771127158e-15
34 61 1.4293556200532213e-15
34 62 1.8978869636061639e-15
34 63 9.8143648598252337e-15
35 0 1.0901530632983385e-15
35 1 5.3356208985211386e-15
35 2 1.9140615383803257e-15
35 3 1.3267541137851384e-15
35 4 1.6924918855573171e-15
35 5 1.5451948924266155e-15
35 6 7.3051772567546235e-16
35 7 4.4641837420372451e-15
35 8 1.2307682449159524e-15
35 9 2.3550952309787902e-15
35 10 1.8776422437991816e-15
35 11 4.3135997048321278e-15
35 12 8.0516228701491862e-16
35 13 6.0349367403142593e-15
35 14 1.1884441825206812e-15
35 15 4.5712495249618566e-15
35 16 1.4241021030337208e-15
35 17 9.8397871295010066e-16
35 18 1.6528714059691378e-15
35 19 1.9564987758897341e-15
35 20 2.2472622810241637e-15
35 21 4.1575426546061679e-15
35 22 5.3959254833877727e-15
35 23 7.6125029075959298e-15
35 24 5.5102708359099007e-15
35 25 5.7110072519819817e-15
35 26 2.7643182709518449e-15
35 27 3.6859149304732336e-15
35 28 3.0977717381419986e-15
35 29 5.715384956787648e-16
35 30 9.9091064000367791e-16
35 31 1.1379616334906129e-14
35 32 5.4783700695841811e-15
35 33 2.2306621749494049e-14
35 34 1.0075018060686321e-14
35 35 4.9905062823560566e-14
35 36 2.5187784244646851e-14
35 37 1.2972055077897747e-14
35 38 9.3831153622158134e-15
35 39 1.2096572175816356e-14
35 40 1.1906825342217517e-14
35 41 1.2160231661521149e-14
35 42 9.1278084335357454e-15
35 43 7.6154630167087709e-15
35 44 3.3513782359183926e-15
35 45 2.2171206337752973e-15
35 46 2.5309562329647751e-15
35 47 4.2645909309908732e-15
35 48 1.6939981140921e-15
35 49 5.3876383552317819e-15
35 50 1.1145578154881687e-15
35 51 7.4637021293080788e-15
35 52 1.3477327986930928e-15
35 53 4.3805625093585092e-15
35 54 2.3396062346477279e-15
35 55 3.8195402627429456e-15
35 56 1.3814867819856442e-15
35 57 2.7454707133364331e-15
35 58 8.508137177192582e-16
35 59 1.845392057260706e-15
35 60 1.8240725612384694e-15
35 61 1.2718771641557956e-15
35 62 1.904286415118047e-15
35 63 2.7767496699565042e-14
36 0 8.5486048099525873e-16
36 1 8.0767344364730358e-15
36 2 1.0790715458457533e-15
36 3 2.0710539391392806e-15
36 4 1.3062073394976891e-15
36 5 1.7093323091526996e-15
36 6 9.3156021273621854e-16
36 7 1.241385685759993e-15
36 8 8.610603730231599e-16
36 9 1.6921503071949594e-15
36 10 1.8354368239904263e-15
36 11 3.3663111145622696e-15
36 12 1.9197779811711435e-15
36 13 5.4963961266758859e-15
36 14 1.0920190910864363e-15
36 15 2.636763937241168e-15
36 16 3.5576189613528394e-16
36 17 3.8248563072440887e-15
36 18 1.5714730869232243e-15
36 19 1.1385925801226889e-15
36 20 1.0091366264675914e-15
36 21 4.2464201546416994e-15
36 22 3.247183439120171e-15
36 23 1.7391765352890135e-16
36 24 4.3920720473048993e-15
36 25 2.8882047385473535e-15
36 26 3.6184916369035386e-15
36 27 1.6055484855297159e-15
36 28 4.1647710056472965e-15
36 29 4.268469958086833e-15
36 30 4.554932122335678e-15
36 31 2.4398497959063049e-14
36 32 4.0856665605599625e-15
36 33 1.2162970881064704e-14
36 34 8.3385385276965122e-15
36 35 3.0476459607371141e-14
36 36 9.5761371974579045e-14
36 37 5.1172612034066884e-14
36 38 1.4380810002029898e-15
36 39 2.9721184165009759e-14
36 40 1.0192589156613396e-14
36 41 1.2154134756217536e-14
36 42 1.0516764759280945e-14
36 43 7.5258622242559432e-15
36 44 3.5151201291159896e-15
36 45 5.0419026889707113e-15
36 46 1.2662337346154662e-15
36 47 1.1081012692777627e-14
36 48 2.3936584605091736e-15
36 49 4.7242626754969022e-15
36 50 3.0330964610157193e-15
36 51 7.7974022926227586e-15
36 52 9.3498179276244271e-16
36 53 5.0652389214964948e-15
36 54 1.1072300396288009e-15
36 55 1.7783023588888134e-15
36 56 1.0999742817524273e-15
36 57 2.18988391552333e-15
36 58 7.668359319327245e-16
36 59 1.7533242133997557e-15
36 60 1.1723562656154833e-15
36 61 7.4700040894836434e-16
36 62 1.671682077620325e-15
36 63 1.1822563959093843e-14
37 0 1.573658357672963e-15
37 1 2.9536944749027507e-14
37 2 2.4157977252457191e-15
37 3 1.9794476104601693e-15
37 4 1.9632780774236432e-15
37 5 2.5488849755919928e-15
37 6 1.1899676840564781e-15
37 7 2.3488194325082837e-15
37 8 1.6545028325043149e-15
37 9 1.0030817684970338e-15
37 10 1.8230898333876782e-15
37 11 5.0041548700359285e-15
37 12 2.9574863524753368e-16
37 13 6.8227649755199575e-15
37 14 2.0668038274337914e-15
37 15 5.5999451183029873e-15
37 16 2.1364011723680606e-15
37 17 7.2279018860980749e-15
37 18 1.7987814519724774e-15
37 19 2.8093352590812303e-15
37 20 2.7673477974787669e-15
37 21 4.8379537661896762e-15
37 22 5.6741424145344095e-15
37 23 3.4974883994921107e-15
37 24 4.8688994253576506e-15
37 25 7.310411745535736e-15
37 26 1.9222740471377985e-15
37 27 3.8082750415215547e-15
37 28 2.1460982772581934e-15
37 29 2.8935727847236033e-15
37 30 2.0575703860577114e-15
37 31 7.3755430957334507e-15
37 32 5.4683043488634093e-15
37 33 3.2264354078873208e-14
37 34 9.2235357062616781e-15
37 35 8.1970824252097027e-15
37 36 4.0856735002571967e-14
37 37 2.6986134388803475e-14
37 38 4.3666830826684969e-14
37 39 2.5700014756947844e-14
37 40 2.251485471549846e-14
37 41 5.2819082627823623e-15
37 42 1.1764254301279691e-14
37 43 1.2755103078646648e-14
37 44 4.76605733509133e-15
37 45 3.4874279910823739e-15
37 46 4.3677962394515298e-15
37 47 3.2941092364093465e-15
37 48 2.1794380799774766e-15
37 49 1.4077857993307084e-14
37 50 2.3799648805881606e-16
37 51 9.4128651594814892e-15
37 52 2.7720007082459831e-15
37 53 5.5970517747814005e-15
37 54 3.3249997864315891e-15
37 55 1.489249643445684e-15
37 56 1.9780577822277038e-15
37 57 9.4451365464889159e-16
37 58 1.6135963781571881e-15
37 59 2.8326265763356514e-15
37 60 2.3497130993746375e-15
37 61 2.6858443607750155e-15
37 62 2.1114171197458787e-15
37 63 2.0531386703162567e-14
38 0 9.6425554159603386e-16
38 1 6.9070355564998056e-15
38 2 1.0554837821959358e-15
38 3 1.7109411727594496e-15
38 4 1.3411412201512271e-15
38 5 1.2115590849598388e-15
38 6 1.0474118241474954e-15
38 7 2.3177635352458562e-15
38 8 9.1737036144287244e-16
38 9 1.8308140308339517e-15
38 10 1.8494227657513903e-15
38 11 3.5188784971428109e-15
38 12 1.9946991661825017e-15
38 13 5.2766971684983903e-15
38 14 1.1359067769663348e-15
38 15 3.2026377592645887e-15
38 16 4.3161712658756948e-16
38 17 3.1802324149977541e-15
38 18 1.5574623515272951e-15
38 19 9.9151868992569899e-16
38 20 9.2237705983503829e-16
38 21 3.1760596270529208e-15
38 22 2.7394717132076078e-15
38 23 3.281483437793076e-15
38 24 3.840311496873293e-15
38 25 6.7843393194470853e-15
38 26 3.2634928412707796e-15
38 27 1.3739006296757825e-15
38 28 3.6184916369035362e-15
38 29 1.2637948093730858e-15
38 30 3.8201340873378935e-15
38 31 1.0893878003759511e-14
38 32 3.1440393372546574e-15
38 33 1.5390041777227492e-14
38 34 4.8849885955224176e-15
38 35 6.5196664375096256e-15
38 36 1.4380810002029892e-15
38 37 3.3132348576733797e-14
38 38 1.6601446092326576e-13
38 39 5.1303350791639547e-14
38 40 1.9518434110733096e-14
38 41 1.6843529505213162e-14
38 42 1.5821506480465285e-14
38 43 1.0630991944289879e-14
38 44 4.8567320477521471e-15
38 45 3.2410134636099825e-15
38 46 1.6600753217100047e-15
38 47 3.9169090201548804e-15
38 48 3.0426431844032448e-15
38 49 1.0327070435078268e-14
38 50 3.714234733612424e-15
38 51 8.7377944245589821e-15
38 52 1.1818156662758517e-15
38 53 4.6913474383772599e-15
38 54 1.1082422744073572e-15
38 55 1.5220301096245032e-15
38 56 1.2765350778527284e-15
38 57 2.2359641340096307e-15
38 58 9.6188174544956477e-16
38 59 1.7087041406782533e-15
38 60 1.229102373387306e-15
38 61 9.4748689999706179e-16
38 62 1.7689493384529799e-15
38 63 1.2680179188944501e-14
39 0 2.5121002827932179e-15
39 1 1.292108159183997e-14
39 2 3.3024621740012591e-15
39 3 2.8201213437970253e-15
39 4 2.7370970525866765e-15
39 5 3.6890292893145162e-15
39 6 2.0531721404905186e-15
39 7 3.9131814663151999e-15
39 8 2.4709774234825778e-15
39 9 1.9482206884664203e-15
39 10 2.4108694967481865e-15
39 11 5.9994856333281955e-15
39 12 1.1644321166458489e-15
39 13 7.6154775268996521e-15
39 14 2.8455440763593948e-15
39 15 2.2571129237848311e-15
39 16 2.9987735630205032e-15
39 17 5.6543535935158704e-15
39 18 2.5813412409575935e-15
39 19 4.0587111617943239e-15
39 20 3.6038803347902352e-15
39 21 5.6228174228792309e-15
39 22 6.2710334496588664e-15
39 23 6.2367539652031501e-15
39 24 5.1646709920670903e-15
39 25 6.7459290781467398e-15
39 26 2.743146416394928e-15
39 27 5.5388668534503299e-15
39 28 3.1604215692864567e-15
39 29 5.0630680084462446e-15
39 30 3.6787729238160167e-15
39 31 2.1759015848881571e-14
39 32 6.5116510565764382e-15
39 33 7.9634876807402118e-15
39 34 9.1089388173680905e-15
39 35 1.025750901727802e-14
39 36 1.9683366840298443e-14
39 37 1.3094399899369456e-14
39 38 6.1668630496774576e-14
39 39 5.634405552064037e-14
39 40 8.2831450072496093e-14
39 41 1.2739835314390853e-14
39 42 2.176193808721125e-14
39 43 2.4035509421578288e-14
39 44 9.6170797184132881e-15
39 45 7.9971364404592483e-15
39 46 8.0827214004730336e-15
39 47 1.1042768660175289e-14
39 48 4.4227189272184477e-15
39 49 8.5793424496022672e-15
39 50 1.8955642839294913e-15
39 51 1.1920201776371746e-14
39 52 4.5528568659934845e-15
39 53 7.391431791863657e-15
39 54 4.9313217784357365e-15
39 55 4.174163298507611e-15
39 56 3.2543191341361702e-15
39 57 2.3549119334299774e-15
39 58 2.8138002855225675e-15
39 59 4.2630795837009361e-15
39 60 3.404425747945833e-15
39 61 4.2474339605654529e-15
39 62 2.9490168915449377e-15
39 63 6.0679681307011614e-14
40 0 1.9823419695297121e-15
40 1 5.964269976254846e-15
40 2 1.0301916695919483e-15
40 3 2.1918382169084865e-15
40 4 1.3835819866155802e-15
40 5 1.7063236686513628e-15
40 6 2.2113373171168746e-15
40 7 1.340290326122131e-15
40 8 1.7136679897814603e-15
40 9 2.4331517495719572e-15
40 10 1.7792767494834517e-15
40 11 1.3342498378698124e-15
40 12 3.0846928251289609e-15
40 13 3.6809121797684722e-15
40 14 3.084335936134299e-15
40 15 3.5203945268398741e-15
40 16 2.0154975452067772e-15
40 17 3.0237711216692293e-15
40 18 2.1114435862505891e-15
40 19 2.444839690227805e-15
40 20 1.6841496321543871e-15
40 21 2.8844390271863463e-15
40 22 1.2528795622461756e-15
40 23 3.1556513274218472e-15
40 24 1.7747227436791345e-15
40 25 5.6305274579336444e-15
40 26 3.840311496873293e-15
40 27 5.8739272018102095e-15
40 28 4.3920720473049009e-15
40 29 5.1959612493720027e-15
40 30 6.0000294216286593e-15
40 31 1.2842055529680806e-14
40 32 5.4728346672899301e-15
40 33 1.3191695530741743e-14
40 34 9.2109722609715432e-15
40 35 1.304860007576563e-14
40 36 1.0192589156613391e-14
40 37 2.5673708837917572e-14
40 38 1.9518434110733099e-14
40 39 9.48057980027634e-14
40 40 2.0495501603912844e-13
40 41 6.8995146407476886e-14
40 42 2.2664262844815343e-14
40 43 2.2075675831532531e-15
40 44 8.8555988194881649e-15
40 45 1.1951689627884393e-14
40 46 5.5399098054431684e-15
40 47 3.0595333858608228e-15
40 48 5.7196473316615567e-15
40 49 3.5710953297501709e-15
40 50 7.0025413056090126e-15
40 51 4.6650250866988901e-15
40 52 4.7691551556122733e-15
40 53 5.3787535288171775e-15
40 54 1.7856083442942335e-15
40 55 3.6283600988058693e-15
40 56 2.4632193765065933e-15
40 57 3.3765044099225038e-15
40 58 2.752278458057324e-15
40 59 1.8437118781944348e-15
40 60 1.4340466021777895e-15
40 61 1.501943325485488e-15
40 62 1.6348405667502339e-15
40 63 1.7820485950299435e-14
41 0 2.4811311876098958e-15
41 1 3.2029971291104923e-14
41 2 2.9550393173379204e-15
41 3 1.0957627864875167e-15
41 4 2.2278000738977957e-15
41 5 4.3776091183877812e-15
41 6 2.1716169359199291e-15
41 7 2.9809984431201354e-15
41 8 2.2861260225780853e-15
41 9 1.3981365350951251e-15
41 10 1.6126115094444681e-15
41 11 3.7475962722094845e-15
41 12 1.6981981305006253e-15
41 13 6.5539139433504612e-15
41 14 3.4547456117582167e-15
41 15 3.6069343458342374e-15
41 16 2.9469502778441428e-15
41 17 7.6457555449964586e-15
41 18 2.0966002235490948e-15
41 19 2.7098020623099125e-15
41 20 3.1126889528336959e-15
41 21 4.8149378628126667e-15
41 22 5.1837786005537577e-15
41 23 5.0770068665967213e-15
41 24 3.1664911488280896e-15
41 25 6.2498645246628725e-15
41 26 2.0100745514937096e-15
41 27 5.3656142565849778e-15
41 28 2.4722919101296724e-15
41 29 7.7857402829134141e-15
41 30 4.14460783077706e-15
41 31 6.8353081128037511e-15
41 32 5.2913949017818688e-15
41 33 9.1645657594453713e-15
41 34 8.1726187110229523e-15
41 35 7.5189874199895823e-15
41 36 1.2563040017695569e-14
41 37 1.9472819623264526e-14
41 38 2.1503226286150022e-14
41 39 2.09860334577221e-14
41 40 6.8002944665301319e-14
41 41 1.2692440063736679e-13
41 42 3.5584649903258498e-14
41 43 2.4586435264077897e-14
41 44 1.2692287028198201e-14
41 45 1.7453325166117078e-14
41 46 1.0686681776605412e-14
41 47 3.1090005688312743e-15
41 48 5.1136130035652586e-15
41 49 2.3671814517029645e-14
41 50 4.3257467391639774e-15
41 51 7.82052576338315e-15
41 52 6.2865494162721554e-15
41 53 6.4943311270328896e-15
41 54 5.0958903852971442e-15
41 55 4.1512264180820473e-15
41 56 3.2850257329537607e-15
41 57 1.6561332512715664e-15
41 58 3.235165625999176e-15
41 59 2.4101265800278139e-15
41 60 3.0926097330754031e-15
41 61 6.1014528078984699e-15
41 62 2.2680656188488533e-15
41 63 2.2455379907677278e-14
42 0 2.5916589634438628e-15
42 1 2.049783954018522e-14
42 2 2.4013741528153375e-15
42 3 2.1791447251227311e-15
42 4 1.8308650160902774e-15
42 5 2.7384533099078255e-15
42 6 2.5175029158347342e-15
42 7 5.4600232815590583e-15
42 8 2.246073269735123e-15
42 9 2.044999469244102e-15
42 10 1.3509018548712898e-15
42 11 2.6126421233441315e-15
42 12 2.6776529841799529e-15
42 13 4.8270636762751591e-15
42 14 3.8486891382132253e-15
42 15 3.4475426824262533e-15
42 16 2.891497726093264e-15
42 17 5.4534920540870543e-15
42 18 2.1100864901616894e-15
42 19 3.0848501303378115e-15
42 20 2.7063732621155112e-15
42 21 2.608610732452411e-15
42 22 3.8306769109571327e-15
42 23 7.698400888004845e-15
42 24 1.2528795622461754e-15
42 25 6.1095257029497044e-15
42 26 2.7394717132076027e-15
42 27 6.1986244218160806e-15
42 28 3.247183439120171e-15
42 29 5.3132015666160006e-15
42 30 5.1583476061989766e-15
42 31 4.7745007039015882e-15
42 32 5.2869377571069996e-15
42 33 2.4835837416884633e-14
42 34 8.4156489076959814e-15
42 35 9.9904197049439132e-15
42 36 1.0516764759280946e-14
42 37 1.2691102045135287e-14
42 38 1.5821506480465288e-14
42 39 1.4809220691474705e-14
42 40 2.2664262844815343e-14
42 41 4.8747758658981792e-14
42 42 1.6634424809946396e-14
42 43 3.1636141942123155e-14
42 44 1.7957866956244018e-14
42 45 1.4613190337766909e-14
42 46 1.2594744891993619e-14
42 47 1.0107062480285529e-14
42 48 7.1408962000426076e-15
42 49 1.0887597191939369e-14
42 50 7.7089840564615338e-15
42 51 4.6588463627879427e-15
42 52 7.5043674244015951e-15
42 53 3.7110149419608994e-15
42 54 4.5981799150806675e-15
42 55 7.9550002731810304e-15
42 56 3.4354912005206694e-15
42 57 2.9299764321203266e-15
42 58 3.7148823844091571e-15
42 59 2.7624572964266392e-15
42 60 2.6305367968089769e-15
42 61 4.424066623166647e-15
42 62 1.7480959251099144e-15
42 63 4.8435974201657718e-15
43 0 1.9715918257355937e-15
43 1 1.4222852875206483e-14
43 2 1.3170965166759548e-15
43 3 2.1144613007615042e-15
43 4 1.1157679388442217e-15
43 5 1.3747782501433845e-15
43 6 2.0780319177101155e-15
43 7 2.484772429279807e-15
43 8 1.6081122582571402e-15
43 9 1.6270748138207046e-15
43 10 1.1411307822398407e-15
43 11 1.3220598070701533e-15
43 12 2.632521651805801e-15
43 13 3.1103042516920531e-15
43 14 3.1542477741219342e-15
43 15 3.6796408269293777e-15
43 16 2.0533876891423887e-15
43 17 3.6247611683530312e-16
43 18 1.6164424642879004e-15
43 19 1.9359832233604695e-15
43 20 1.6744907132368424e-15
43 21 3.2891310676452505e-16
43 22 2.2437755693790303e-15
43 23 4.3130351053637474e-15
43 24 3.7607048888603712e-16
43 25 4.7104108838818392e-15
43 26 2.5890423230227426e-15
43 27 4.5016161915162276e-15
43 28 2.93997990889959e-15
43 29 4.3618961388160334e-15
43 30 4.3575490684235618e-15
43 31 1.1657693170411298e-14
43 32 3.8202549063302842e-15
43 33 9.5679163616451554e-15
43 34 6.2706690255573539e-15
43 35 7.6154630167087677e-15
43 36 6.608208638956821e-15
43 37 1.1592567412479077e-14
43 38 9.0949890801114424e-15
43 39 2.3074598918809882e-14
43 40 6.5521553305853218e-15
43 41 2.5534880463945401e-14
43 42 2.5694524462699247e-14
43 43 8.6491328162407272e-15
43 44 2.6958343643929942e-14
43 45 2.0717615798979024e-14
43 46 1.1368475894472139e-14
43 47 1.1953882716383195e-14
43 48 7.439178953252616e-15
43 49 8.2128374478379603e-15
43 50 8.6943596923434703e-15
43 51 7.1131695445350348e-15
43 52 6.6325660668136909e-15
43 53 1.565799808980218e-15
43 54 2.9363415726514436e-15
43 55 5.7386420812349153e-15
43 56 2.6430862261335837e-15
43 57 2.6098984730862163e-15
43 58 3.0628417489261678e-15
43 59 1.7123025192081566e-15
43 60 1.5539118338717359e-15
43 61 2.9991223666629508e-15
43 62 1.1356799383948209e-15
43 63 3.2950721799297564e-15
44 0 6.368420653237097e-16
44 1 1.7756397481441429e-14
44 2 1.071474524937964e-15
44 3 6.0301048853959455e-16
44 4 4.0217075213036655e-16
44 5 9.902354733239608e-16
44 6 7.736666735025381e-16
44 7 2.8476964009600567e-15
44 8 5.104987871075161e-16
44 9 1.5818425155765514e-15
44 10 4.1948996999961567e-16
44 11 2.7216882506248376e-15
44 12 1.332630378497536e-15
44 13 4.6568631153024421e-15
44 14 2.0255463304976851e-15
44 15 6.8253474011299952e-15
44 16 1.0701856833238161e-15
44 17 6.5736048354065829e-15
44 18 2.1849600077742186e-16
44 19 1.0173159719688218e-15
44 20 8.8309241217734295e-16
44 21 1.9931279414443358e-15
44 22 2.7063732621155108e-15
44 23 2.9997289640127987e-15
44 24 1.6841496321543898e-15
44 25 3.4309105318269765e-15
44 26 9.2237705983503809e-16
44 27 2.9874865710025663e-15
44 28 1.0091366264675869e-15
44 29 1.4815736457563808e-15
44 30 2.0130256356832331e-15
44 31 2.2081707670284071e-14
44 32 1.3285910571516761e-15
44 33 9.4866366216120141e-15
44 34 3.1349120153133729e-15
44 35 3.4697727778979656e-15
44 36 3.5151201291159892e-15
44 37 4.905151363004216e-15
44 38 4.8567320477521455e-15
44 39 1.0212250540042477e-14
44 40 8.8555988194881649e-15
44 41 1.4478564491573402e-14
44 42 1.7957866956244021e-14
44 43 3.051958734783479e-14
44 44 7.5545559448348138e-14
44 45 9.254609161692681e-15
44 46 8.0120760946312025e-15
44 47 2.5052291079964813e-14
44 48 2.5173950411304392e-15
44 49 3.22798090363005e-14
44 50 5.600374946835904e-15
44 51 1.1316262595628767e-14
44 52 4.6470411742540078e-15
44 53 5.7794284728257719e-15
44 54 2.4906591587875806e-15
44 55 3.0714569394718972e-15
44 56 7.7957527785189517e-16
44 57 2.7827445359672455e-15
44 58 1.3687232065940663e-15
44 59 6.538805249777908e-16
44 60 9.0655415305316302e-16
44 61 1.8184109726038781e-15
44 62 5.3851597961463953e-16
44 63 1.2358349028715422e-14
45 0 2.168506499075633e-16
45 1 2.5507069716098563e-14
45 2 1.2185364484520898e-15
45 3 1.2020268084423463e-15
45 4 8.7123738084842051e-16
45 5 1.4812154232025063e-15
45 6 2.0759565734939716e-16
45 7 1.4219377698461167e-15
45 8 3.0084447390215298e-16
45 9 1.707532518005924e-15
45 10 1.0199585583211977e-15
45 11 2.6979036325086491e-15
45 12 1.0913765444994684e-15
45 13 5.0029499595972729e-15
45 14 1.4173382716380929e-15
45 15 4.9617345560880848e-15
45 16 6.0169028384241443e-16
45 17 4.1073223113824253e-16
45 18 4.2341910156424274e-16
45 19 3.2204233167610492e-16
45 20 7.3134934325342455e-16
45 21 2.2646737677617073e-15
45 22 2.7087020813281345e-15
45 23 1.9053728682131882e-15
45 24 2.2883655181954079e-15
45 25 2.5712460537974202e-15
45 26 1.0448187357482161e-15
45 27 2.1046362512926232e-15
45 28 9.9372320550924632e-16
45 29 1.4448416858969681e-15
45 30 1.2255751560168636e-15
45 31 1.8749751660624739e-14
45 32 2.2662384859746242e-16
45 33 1.8354956551517312e-14
45 34 1.7055219790349383e-15
45 35 2.7589404126546768e-15
45 36 2.0350278887453272e-15
45 37 3.4874279910823751e-15
45 38 2.8912688557328939e-15
45 39 9.4309069574534842e-15
45 40 8.2535113366379995e-15
45 41 1.5645136072197904e-14
45 42 1.6079199476739011e-14
45 43 1.7154183776705826e-14
45 44 1.2298316081457472e-14
45 45 1.1105994651626501e-13
45 46 1.0459611123912794e-14
45 47 1.6553246050082358e-14
45 48 3.1380758847384156e-15
45 49 1.396749510716717e-14
45 50 5.4742162078139993e-15
45 51 1.4669038198009153e-14
45 52 3.5339427433083961e-15
45 53 6.8994972953723691e-15
45 54 2.580138804833731e-15
45 55 4.5426248828664929e-16
45 56 5.3175154692712786e-16
45 57 3.3933896436376678e-15
45 58 4.511449380977888e-16
45 59 8.1543648392269589e-16
45 60 1.2146623904227642e-15
45 61 2.4860458576148437e-15
45 62 1.3315775084953704e-15
45 63 8.0721344451845497e-15
46 0 4.8733338004067037e-16
46 1 1.5813976546658926e-15
46 2 7.4893019307496008e-16
46 3 2.4645611176445345e-15
46 4 8.0438047560509317e-16
46 5 4.9527290700836712e-16
46 6 7.3530830031145493e-16
46 7 2.1533064872526709e-15
46 8 3.2760415025083472e-16
46 9 2.42298896196977e-15
46 10 1.2042301977896895e-15
46 11 1.8333738320611829e-15
46 12 1.6069340065359529e-15
46 13 4.1627070147078839e-15
46 14 1.4532420511262072e-15
46 15 3.4014668685831871e-15
46 16 3.2830468287903181e-16
46 17 2.5484659062854229e-15
46 18 7.1608997773649357e-16
46 19 1.0238808642202329e-15
46 20 2.1849600077742144e-16
46 21 1.7290740038715311e-15
46 22 2.110086490161691e-15
46 23 1.3068769932870408e-15
46 24 2.1114435862505871e-15
46 25 3.5427685831754192e-15
46 26 1.5574623515272959e-15
46 27 2.5425148005300817e-15
46 28 1.5714730869232268e-15
46 29 1.7734879577403136e-15
46 30 1.8053025960161395e-15
46 31 1.678859743228167e-15
46 32 8.5564697594139038e-16
46 33 5.2867233571371333e-15
46 34 1.9331840724163654e-15
46 35 4.6189832777622724e-15
46 36 1.2662337346154664e-15
46 37 5.3810991936870664e-15
46 38 1.6600753217099994e-15
46 39 1.6592414103127962e-14
46 40 5.5399098054431676e-15
46 41 1.4607183265196523e-14
46 42 1.2594744891993621e-14
46 43 9.599576926796616e-15
46 44 8.012076094631201e-15
46 45 2.640657350064844e-14
46 46 4.1744449421340784e-14
46 47 2.107115013747727e-14
46 48 9.3922371252129612e-15
46 49 2.4592231740805091e-14
46 50 9.360415140922819e-15
46 51 1.6905315537925881e-14
46 52 4.0229904989407628e-15
46 53 7.4084159424564495e-15
46 54 1.5642921718226369e-15
46 55 6.177662445773063e-15
46 56 8.2870204998808728e-16
46 57 4.8473452672347982e-15
46 58 9.597398371009927e-16
46 59 1.9434420960212533e-15
46 60 8.1657776652335239e-16
46 61 9.3278322720607768e-16
46 62 1.4193484110519661e-15
46 63 9.361340379429842e-15
47 0 9.8108505681459607e-16
47 1 1.4716399683754874e-14
47 2 8.1202216696882863e-16
47 3 2.928570721143252e-15
47 4 1.0064095187143123e-16
47 5 9.7703840582780686e-16
47 6 1.1577676092653302e-15
47 7 5.1494850322280604e-15
47 8 6.7466380687161214e-16
47 9 2.4548322064772269e-15
47 10 5.5583117979396086e-16
47 11 2.9295091666081532e-15
47 12 1.7574840466370017e-15
47 13 4.1732853572528728e-15
47 14 2.2027868903428774e-15
47 15 3.5863262607802796e-15
47 16 1.1145567452693965e-15
47 17 8.4194810572951741e-16
47 18 5.8409488715491733e-16
47 19 1.1068857144203489e-15
47 20 7.3547480715101831e-16
47 21 1.275973860963565e-15
47 22 2.1595308959399598e-15
47 23 5.0075913745327004e-15
47 24 1.2240883804265933e-15
47 25 3.6269305375930637e-15
47 26 1.2987835552832641e-15
47 27 1.3243496530184033e-15
47 28 1.3984408328921186e-15
47 29 2.1796909945574525e-15
47 30 2.2121194140841197e-15
47 31 9.8982858509988053e-15
47 32 1.4831090262688419e-15
47 33 9.4087505432229721e-15
47 34 2.892799516529214e-15
47 35 3.6662093145256715e-15
47 36 2.7002368248434451e-15
47 37 4.6951768027780325e-15
47 38 3.3060239348677401e-15
47 39 6.4093372732043378e-15
47 40 3.9249688194713746e-15
47 41 1.2067836580926693e-14
47 42 6.8921286608638915e-15
47 43 1.2660393503272799e-14
47 44 2.7962991748054719e-15
47 45 8.9659871618444184e-15
47 46 1.6138296634436235e-14
47 47 1.3935922411897271e-14
47 48 1.8215750175830907e-14
47 49 2.2170613796359869e-14
47 50 1.3822717156842049e-14
47 51 2.6607768999292572e-14
47 52 7.9504282876397144e-15
47 53 6.1741267901883356e-15
47 54 2.826857297875542e-15
47 55 9.2885833419562695e-15
47 56 1.4250232195315721e-15
47 57 5.2536856195885321e-15
47 58 2.1314361199494014e-15
47 59 3.1584768948831639e-15
47 60 6.4381684764554203e-16
47 61 2.7098073985218465e-15
47 62 3.5587224765134271e-16
47 63 3.3344226981018138e-13
48 0 7.7118555927012688e-16
48 1 5.5667490845647935e-15
48 2 1.702636525796207e-15
48 3 1.7320114233892545e-16
48 4 1.0108427973613809e-15
48 5 3.0691374044122104e-15
48 6 5.125593441885696e-16
48 7 1.4243866086085522e-15
48 8 6.697815314037366e-16
48 9 2.3097760736710267e-15
48 10 7.9598725689184597e-16
48 11 3.4538706634514946e-15
48 12 8.6136790497262201e-16
48 13 5.7497391459395211e-15
48 14 1.776350600707272e-15
48 15 5.7603067039356741e-15
48 16 1.0547118733938989e-15
48 17 1.2999029573410259e-15
48 18 3.2830468287903152e-16
48 19 1.4108483724684769e-15
48 20 1.0701856833238131e-15
48 21 2.901732068184136e-15
48 22 2.8914977260932643e-15
48 23 1.1572774069200102e-15
48 24 2.0154975452067811e-15
48 25 4.1254418722618598e-15
48 26 4.3161712658756958e-16
48 27 2.7287806736750371e-15
48 28 3.5576189613528374e-16
48 29 2.9293345496906784e-15
48 30 1.0617358010369079e-15
48 31 2.0254576250141433e-14
48 32 7.7118555927012659e-16
48 33 4.9828033912638362e-15
48 34 1.8574300835104593e-15
48 35 2.0518516272489865e-15
48 36 2.3936584605091744e-15
48 37 3.6979388071144246e-15
48 38 3.0426431844032456e-15
48 39 7.8322793628029029e-15
48 40 5.7196473316615472e-15
48 41 9.225136404975534e-15
48 42 7.1408962000426092e-15
48 43 8.5904053676761822e-15
48 44 2.5173950411304384e-15
48 45 1.0135065920431502e-14
48 46 9.392237125212958e-15
48 47 4.4299173144978645e-14
48 48 5.8411686366530626e-14
48 49 2.8569981734796243e-14
48 50 1.1581971394078985e-14
48 51 2.8160963858798196e-14
48 52 8.1147684688587843e-15
48 53 1.1918492358877272e-14
48 54 5.0358308122655449e-15
48 55 1.5507273261063701e-15
48 56 1.4344353023229486e-15
48 57 5.231761916829176e-15
48 58 1.4549976830888044e-15
48 59 2.1079438337003731e-15
48 60 1.8524301015889256e-15
48 61 5.4249957566783595e-15
48 62 1.4116002933513953e-15
48 63 2.138911796304575e-14
49 0 3.5308395691662254e-15
49 1 7.2519530661436606e-14
49 2 2.7605709060298055e-15
49 3 2.3226046943731083e-15
49 4 2.1774351240075588e-15
49 5 3.6661421906174955e-15
49 6 3.0718293239499403e-15
49 7 3.5364645951388252e-15
49 8 2.5353709116395147e-15
49 9 4.7883945618257922e-15
49 10 1.6478734678740294e-15
49 11 2.0463341563303073e-15
49 12 3.1263976792398336e-15
49 13 5.029093462946842e-15
49 14 3.9039863281780891e-15
49 15 2.250255278327837e-15
49 16 2.7707550967487455e-15
49 17 2.6649283283077707e-15
49 18 2.1052937983315068e-15
49 19 2.1922242062912276e-15
49 20 2.3440559678269249e-15
49 21 2.6000386662185039e-15
49 22 2.8116558294358086e-15
49 23 4.4415836287736976e-15
49 24 6.4170361859418153e-16
49 25 8.0025352964212695e-15
49 26 2.5254513672224482e-15
49 27 4.0737628367645324e-15
49 28 2.777672528213299e-15
49 29 4.2820102853170127e-15
49 30 3.9010139500368145e-15
49 31 1.0091505492202615e-14
49 32 3.5366471786365688e-15
49 33 3.4888874508951149e-14
49 34 5.0061004685068146e-15
49 35 4.7373849881494092e-15
49 36 5.0826484301921004e-15
49 37 6.1643683749923196e-15
49 38 5.8945196736484054e-15
49 39 6.9744274221522418e-15
49 40 4.1271199564134903e-15
49 41 9.6578210129763574e-15
49 42 2.018319645766369e-15
49 43 2.7317680552005759e-15
49 44 7.7971041158993682e-15
49 45 1.3026844437564781e-14
49 46 1.6637944209982558e-14
49 47 1.9279393920371329e-14
49 48 4.7132294005497591e-14
49 49 9.6322941790787121e-14
49 50 6.7897656858728762e-14
49 51 2.3404387923220448e-14
49 52 2.449672263330938e-14
49 53 1.0761769952403897e-14
49 54 9.7740333973981365e-15
49 55 1.1214579062347915e-14
49 56 6.6926494687993794e-15
49 57 1.1040325539202557e-14
49 58 6.4030432001092559e-15
49 59 3.0944510822555579e-15
49 60 3.7874293796946463e-15
49 61 7.1225894294381635e-15
49 62 2.5190850356473284e-15
49 63 1.8511751279342372e-14
50 0 2.3636390660422589e-15
50 1 1.300936827625535e-14
50 2 3.3510497141772945e-15
50 3 1.3896227040754816e-15
50 4 2.5501237649385101e-15
50 5 2.9209584266168157e-15
50 6 1.3806188643115796e-15
50 7 7.1886846069509049e-15
50 8 1.8288030286159971e-15
50 9 1.2055375762221947e-15
50 10 1.9688301909764008e-15
50 11 4.4473116053039968e-15
50 12 3.155430919765783e-16
50 13 6.3334998346435375e-15
50 14 1.7752065857728965e-15
50 15 6.0466587057485759e-15
50 16 1.7763506007072718e-15
50 17 1.5613603950893357e-15
50 18 1.4532420511262097e-15
50 19 1.87813871528118e-15
50 20 2.0255463304976851e-15
50 21 3.3983175539643818e-15
50 22 3.8486891382132253e-15
50 23 6.1861444974143308e-15
50 24 3.0843359361342982e-15
50 25 2.2337508405047257e-15
50 26 1.1359067769663391e-15
50 27 2.5085782371727002e-15
50 28 1.0920190910864349e-15
50 29 8.2281411699668051e-16
50 30 7.2452812441860971e-16
50 31 3.8029789987250969e-15
50 32 1.660575194629642e-15
50 33 1.4121104166578097e-14
50 34 1.7567195090658689e-15
50 35 1.2840123148442758e-15
50 36 3.0330964610157237e-15
50 37 1.0112157066623353e-15
50 38 3.7142347336124224e-15
50 39 6.7270580836398835e-15
50 40 7.002541305609015e-15
50 41 5.4172555402427002e-15
50 42 7.7089840564615354e-15
50 43 8.7843309337062542e-15
50 44 5.6003749468359032e-15
50 45 5.7650050564731073e-15
50 46 9.3604151409228174e-15
50 47 1.6331126509673136e-14
50 48 1.1581971394078983e-14
50 49 8.139874602990969e-14
50 50 2.4324521897132097e-14
50 51 1.0130141036675304e-13
50 52 1.7818274636963417e-14
50 53 2.7354969505847712e-14
50 54 1.2427822273174786e-14
50 55 2.0425609302914793e-14
50 56 5.410399041612912e-15
50 57 3.8888687321072714e-15
50 58 3.4637841941927583e-15
50 59 4.3419471781421979e-15
50 60 4.4841551738138403e-15
50 61 4.009575178461461e-15
50 62 3.635280207188757e-15
50 63 2.2431555486961255e-14
51 0 7.2391542357784946e-15
51 1 2.3175662326396129e-14
51 2 5.6759077708613872e-15
51 3 5.6594659911779085e-15
51 4 4.9558469616572224e-15
51 5 4.6748752316645462e-15
51 6 5.7302528061597579e-15
51 7 7.5468311582794259e-15
51 8 4.9214842091205547e-15
51 9 4.6754902941171547e-15
51 10 3.9157527757029461e-15
51 11 3.1397175514595344e-15
51 12 5.3274678357876896e-15
51 13 3.5140746204690925e-15
51 14 5.9479659749524745e-15
51 15 3.2417140554593025e-15
51 16 4.6934368965579945e-15
51 17 2.1002943452658111e-15
51 18 4.0804478143436321e-15
51 19 4.4395085578489874e-15
51 20 4.1669624686482503e-15
51 21 2.519529727379209e-15
51 22 3.933466098200667e-15
51 23 7.4334399028008384e-15
51 24 2.5576161417819132e-15
51 25 6.7299792151277031e-15
51 26 4.5321290467300894e-15
51 27 6.3384701327640154e-15
51 28 4.8343349617148476e-15
51 29 5.5242736351063569e-15
51 30 5.9696464654205853e-15
51 31 1.7601355386887104e-14
51 32 5.6954420736208689e-15
51 33 8.854674259369215e-15
51 34 7.1655296977028808e-15
51 35 7.4637021293080741e-15
51 36 7.2542321087529631e-15
51 37 8.1298065760593646e-15
51 38 8.1345204432508826e-15
51 39 1.4802301829387618e-14
51 40 6.0905530206310885e-15
51 41 8.8374096922644325e-15
51 42 5.6702768942778145e-15
51 43 7.1131695445350458e-15
51 44 1.1476882329907885e-14
51 45 1.3562145342488987e-14
51 46 1.7774363338352164e-14
51 47 6.1049065712419052e-15
51 48 2.9303224724325039e-14
51 49 8.9109823671650326e-15
51 50 1.0827690536383179e-13
51 51 2.2438905217474949e-13
51 52 1.118166936713172e-13
51 53 1.6160562422262993e-14
51 54 2.7952339577899644e-14
51 55 3.6884344563542115e-14
51 56 1.7263024514417725e-14
51 57 1.387108779743917e-14
51 58 1.3896528314157578e-14
51 59 9.7760865524458614e-15
51 60 8.8927822453479702e-15
51 61 9.8075234482430307e-15
51 62 6.7281049677903388e-15
51 63 8.1721606021888762e-14
52 0 2.2538048496091281e-15
52 1 1.7764848399025781e-14
52 2 2.7135252001794503e-15
52 3 3.4448701315829518e-15
52 4 2.6102820737956523e-15
52 5 2.8179944686383589e-15
52 6 1.4637705013111705e-15
52 7 1.9227216640358742e-15
52 8 1.5776160281874533e-15
52 9 2.3496150415138235e-15
52 10 2.4867583433974627e-15
52 11 4.611000386203166e-15
52 12 1.8395743823763583e-15
52 13 5.7262228018900662e-15
52 14 3.1554309197658047e-16
52 15 3.6127259126632818e-15
52 16 8.613679049726226e-16
52 17 3.400490436998027e-15
52 18 1.6069340065359523e-15
52 19 1.5986254094217107e-15
52 20 1.3326303784975358e-15
52 21 3.254358025656981e-15
52 22 2.677652984179949e-15
52 23 6.9136149516726226e-16
52 24 3.0846928251289641e-15
52 25 2.0700175524927931e-15
52 26 1.9946991661825013e-15
52 27 4.760599314011774e-16
52 28 1.9197779811711431e-15
52 29 1.6326291950797552e-15
52 30 1.3479759082500582e-15
52 31 1.3746643769878504e-14
52 32 1.2809634321696047e-15
52 33 1.2719860281348859e-14
52 34 6.6129284231043961e-16
52 35 1.5555094483002085e-15
52 36 9.3498179276243936e-16
52 37 3.663929139208463e-15
52 38 1.1818156662758481e-15
52 39 8.5272212476181287e-15
52 40 4.7691551556122717e-15
52 41 6.6035980734703283e-15
52 42 7.5043674244015967e-15
52 43 7.9164885626353891e-15
52 44 4.6470411742540055e-15
52 45 6.944870204066486e-15
52 46 4.0229904989407643e-15
52 47 1.8380644651580204e-14
52 48 8.1147684688587827e-15
52 49 3.5571728457823988e-14
52 50 1.7818274636963417e-14
52 51 1.22229343371021e-13
52 52 1.1141459964799295e-13
52 53 8.4395417626788344e-14
52 54 1.5476976976716763e-14
52 55 1.4508325465888741e-14
52 56 6.9758766320310943e-15
52 57 9.1675708959001722e-15
52 58 3.1788978047635563e-15
52 59 6.698218787086831e-15
52 60 4.4024611370776482e-15
52 61 2.5987543150532819e-15
52 62 4.481274176738537e-15
52 63 1.353089638610758e-14
53 0 5.8810185754594465e-15
53 1 3.2726683499101863e-14
53 2 4.2131126011924105e-15
53 3 3.2752975376972478e-15
53 4 3.5453868356331575e-15
53 5 2.9039484534532714e-15
53 6 4.4908128037497773e-15
53 7 2.8629586581578233e-15
53 8 3.6461372574048174e-15
53 9 5.557878057057835e-15
53 10 2.6912891211781596e-15
53 11 1.7554726439577682e-15
53 12 4.2235402205359741e-15
53 13 3.1058764764868527e-15
53 14 4.745667970913056e-15
53 15 3.5809513358746579e-15
53 16 3.4424446535842608e-15
53 17 5.5483616540501166e-15
53 18 2.8393268100960116e-15
53 19 2.227148046428225e-15
53 20 2.861208918985145e-15
53 21 9.2348263271912691e-16
53 22 2.7606555545847876e-15
53 23 2.6294602627394981e-15
53 24 1.2137601101444158e-15
53 25 7.3427462931421714e-15
53 26 3.1656505264952842e-15
53 27 3.7939401489211919e-15
53 28 3.3558161497829174e-15
53 29 3.7452066415139469e-15
53 30 4.2824274886371979e-15
53 31 6.2702561550647617e-15
53 32 3.8362597995646353e-15
53 33 1.3827608579102424e-14
53 34 5.0038496383434902e-15
53 35 4.1402152670216226e-15
53 36 4.8146957004359031e-15
53 37 5.5970517747813997e-15
53 38 5.2752971809925693e-15
53 39 9.4662689221343903e-15
53 40 3.1857959885135712e-15
53 41 7.8633462516504794e-15
53 42 2.8324629992221383e-15
53 43 1.1336428544817173e-15
53 44 6.0821975752076729e-15
53 45 6.8994972953723777e-15
53 46 8.9529022069957025e-15
53 47 6.6193423984877982e-15
53 48 1.2574597385708972e-14
53 49 1.9410440751050785e-14
53 50 2.8073731508625321e-14
53 51 2.2758794064283299e-14
53 52 8.526248875525783e-14
53 53 1.8870737401238614e-13
53 54 5.7170375830911053e-14
53 55 3.4783283978030609e-14
53 56 1.9803556120361679e-14
53 57 2.2978092289880085e-14
53 58 1.3960396122299709e-14
53 59 5.3381545862260446e-15
53 60 7.4175764056740706e-15
53 61 7.9750577735185368e-15
53 62 5.1138383033007066e-15
53 63 2.8855302258468385e-14
54 0 2.0086326913844402e-15
54 1 1.6983729747107417e-14
54 2 6.0657533769782624e-16
54 3 3.9941109022745719e-15
54 4 1.427543912067525e-15
54 5 2.6385087362792025e-16
54 6 1.8059987878445484e-15
54 7 7.5393293562702793e-16
54 8 1.0987089320327666e-15
54 9 3.5478936293360492e-15
54 10 1.7751365364130809e-15
54 11 1.0345428941038218e-15
54 12 2.4867583433974615e-15
54 13 4.3967024351805152e-15
54 14 1.9688301909763996e-15
54 15 3.5990228360910129e-15
54 16 7.9598725689184351e-16
54 17 2.7007328510905748e-15
54 18 1.2042301977896875e-15
54 19 2.0803598669439775e-15
54 20 4.1948996999961079e-16
54 21 1.3321083322828914e-15
54 22 1.3509018548712863e-15
54 23 1.0075176002032848e-15
54 24 1.7792767494834537e-15
54 25 1.8284952151884298e-15
54 26 1.8494227657513958e-15
54 27 3.5068887630814267e-15
54 28 1.8354368239904295e-15
54 29 1.5796952621010427e-15
54 30 2.0258610621483735e-15
54 31 6.7939756480900983e-15
54 32 1.2942711554856031e-15
54 33 1.7369314589164714e-14
54 34 1.9026321344741772e-15
54 35 4.0764331090735729e-15
54 36 1.1072300396287998e-15
54 37 3.2112959215839087e-15
54 38 1.108242274407362e-15
54 39 5.3136249065383526e-15
54 40 1.78560834429423e-15
54 41 6.250088438666665e-15
54 42 4.5981799150806675e-15
54 43 8.5207386403725636e-16
54 44 2.4906591587875794e-15
54 45 2.8737300796055899e-15
54 46 1.5642921718226361e-15
54 47 2.4189557792931563e-15
54 48 5.0358308122655441e-15
54 49 2.1442289317358625e-14
54 50 1.2427822273174786e-14
54 51 1.8181142545026297e-14
54 52 1.5476976976716763e-14
54 53 4.4458629719635901e-14
54 54 1.875217635256311e-14
54 55 1.4064041212347802e-14
54 56 9.325472166226308e-15
54 57 2.0624437716516694e-14
54 58 5.7501671382216857e-15
54 59 6.4805357545359306e-15
54 60 1.9684829540678589e-15
54 61 2.7743523445257579e-15
54 62 3.1089332774726419e-15
54 63 1.6524216271675413e-14
55 0 1.2597673620115212e-15
55 1 1.6113144421289304e-14
55 2 1.3721728893655099e-15
55 3 3.8590277290444263e-15
55 4 1.5164733957434321e-15
55 5 1.9723669191062008e-15
55 6 1.1523037184760849e-15
55 7 1.7012126820458968e-15
55 8 6.7564086560746432e-16
55 9 2.1843063916169156e-15
55 10 1.7225217651678997e-15
55 11 3.340504983588608e-15
55 12 1.9741908925882977e-15
55 13 4.1359707885126957e-15
55 14 1.4575634321785275e-15
55 15 9.7728826960274518e-15
55 16 2.0446060726566696e-16
55 17 1.8748179836454173e-15
55 18 9.1850255351392289e-16
55 19 8.0819880399725042e-16
55 20 3.1498559254931985e-16
55 21 2.0100093184986705e-15
55 22 1.9079863356365492e-15
55 23 1.4670021498549196e-15
55 24 2.0353415432574881e-15
55 25 2.6739369630326819e-15
55 26 1.4760136898808779e-15
55 27 1.1126312717190215e-15
55 28 1.4116811620485675e-15
55 29 2.3736044160223323e-15
55 30 1.4040780347575642e-15
55 31 1.0720182527721534e-14
55 32 6.9688336823156799e-16
55 33 4.3216195819934194e-15
55 34 1.1781336845984524e-15
55 35 2.1877317581992442e-15
55 36 5.0847164420858719e-16
55 37 4.339648165769599e-15
55 38 5.8555459460135849e-16
55 39 4.1741632985076118e-15
55 40 2.4861215311224717e-15
55 41 4.6838421857977123e-15
55 42 4.4559150457176774e-15
55 43 4.0612919423596784e-15
55 44 1.9173323693397521e-15
55 45 5.2096654136647805e-15
55 46 4.7362756425109826e-16
55 47 1.6481832604747413e-14
55 48 3.2074585920489464e-15
55 49 1.4327027437374875e-14
55 50 7.8113507893080523e-15
55 51 2.5512484991627602e-14
55 52 6.9688111008314936e-15
55 53 2.9721798930673196e-14
55 54 1.1744406599652482e-14
55 55 6.91086740983892e-14
55 56 1.1769846139293666e-14
55 57 1.8927951949735232e-14
55 58 3.905511451159394e-15
55 59 7.5438338400656721e-15
55 60 2.7839216990127455e-15
55 61 3.1035051238890491e-15
55 62 3.5658722084270359e-15
55 63 1.0108440827069367e-13
56 0 3.0780436584400425e-16
56 1 1.9096140821025869e-14
56 2 1.6989216680142116e-15
56 3 3.7269922702585308e-15
56 4 9.4560724529427243e-16
56 5 2.0932421698027162e-15
56 6 7.3544678329046292e-16
56 7 1.9154187793217967e-15
56 8 1.0938820674139696e-16
56 9 1.3763964107304537e-15
56 10 1.098708932032769e-15
56 11 2.2374450205311832e-15
56 12 1.5776160281874533e-15
56 13 5.7452126000568387e-15
56 14 1.8288030286159983e-15
56 15 2.6102337237335327e-15
56 16 6.6978153140373581e-16
56 17 4.4478800708385118e-15
56 18 3.2760415025083734e-16
56 19 9.2452381014904816e-16
56 20 5.104987871075157e-16
56 21 2.4473543162307625e-15
56 22 2.2460732697351234e-15
56 23 1.3984100837238717e-15
56 24 1.7136679897814678e-15
56 25 3.2478980556665939e-15
56 26 9.173703614428748e-16
56 27 2.1081369157740928e-15
56 28 8.6106037302316157e-16
56 29 7.4667704656006669e-16
56 30 1.1400567971174774e-15
56 31 6.8457825654186115e-15
56 32 4.2292966136102587e-16
56 33 1.4383755710736497e-15
56 34 1.2639851241857066e-15
56 35 2.6527467688035411e-15
56 36 1.0999742817524297e-15
56 37 2.2793816190932443e-15
56 38 1.2765350778527249e-15
56 39 4.06772557623624e-15
56 40 2.4632193765065941e-15
56 41 3.121280797648649e-15
56 42 3.435491200520669e-15
56 43 2.0679012931235623e-15
56 44 7.7957527785189369e-16
56 45 2.6096264510326635e-15
56 46 8.2870204998808698e-16
56 47 1.088739684092505e-14
56 48 1.4344353023229516e-15
56 49 5.9965306760221148e-15
56 50 5.4103990416129136e-15
56 51 1.6249849854452997e-14
56 52 6.975876632031095e-15
56 53 2.2188663681298136e-14
56 54 9.3254721662263096e-15
56 55 3.6089291025719092e-15
56 56 7.8324136641396853e-14
56 57 2.2325015513413452e-14
56 58 4.9687926417567581e-15
56 59 6.450624502626528e-15
56 60 2.8162375203654148e-15
56 61 2.7483133336119737e-15
56 62 2.6080358458866978e-15
56 63 1.9312070132767176e-14
57 0 2.8352193076571672e-15
57 1 6.9532345457402589e-14
57 2 3.1176447168076226e-15
57 3 7.5856744268880783e-16
57 4 1.3831867666735937e-15
57 5 3.528770107786431e-15
57 6 1.7865030742390947e-15
57 7 5.6934782379063907e-15
57 8 1.4097388298335185e-15
57 9 3.3964215734714098e-16
57 10 2.6826480983899163e-16
57 11 3.9494317134597637e-15
57 12 1.6812849507780778e-15
57 13 6.7030083990057461e-15
57 14 2.7827160107659819e-15
57 15 6.4631279754479193e-15
57 16 1.651326419225057e-15
57 17 5.4612066084039775e-15
57 18 6.1748336266531173e-16
57 19 1.0511353279808251e-15
57 20 1.3029256886998638e-15
57 21 2.694712675019379e-15
57 22 2.7573514252541354e-15
57 23 4.0502665881067907e-15
57 24 1.3109039745913633e-15
57 25 3.3631566794536103e-15
57 26 6.0598269276699574e-16
57 27 2.0823629977018021e-15
57 28 7.012265287279815e-16
57 29 1.169906450711783e-15
57 30 1.5067171398057587e-15
57 31 3.6183634226314042e-15
57 32 1.1771837705230564e-15
57 33 5.8241008044366949e-15
57 34 2.0070352447379692e-15
57 35 1.3291324989650505e-15
57 36 2.0851012235766079e-15
57 37 1.0684933522272621e-15
57 38 2.315073469653207e-15
57 39 5.791965565080333e-16
57 40 2.6495074059188561e-15
57 41 1.6561332512715682e-15
57 42 2.1104341296515738e-15
57 43 2.9062627221570348e-15
57 44 7.6250939768953512e-16
57 45 1.070895001337773e-15
57 46 2.4103151646649567e-15
57 47 6.5860723829561132e-15
57 48 1.5338893147608196e-15
57 49 9.5507044035677264e-15
57 50 4.9029582015404598e-15
57 51 1.4143672592199578e-14
57 52 8.9425929805272725e-15
57 53 1.5889866182854646e-14
57 54 1.0895944196622791e-14
57 55 2.6400768742186212e-14
57 56 1.7818276621703966e-14
57 57 4.7009957844297677e-14
57 58 2.5476828225560601e-14
57 59 7.439232320008356e-15
57 60 7.0691183424130335e-15
57 61 1.1459362996512467e-14
57 62 2.1498042626398189e-15
57 63 3.2685393961460939e-14
58 0 1.2720069094672942e-15
58 1 4.6226121569255793e-14
58 2 2.9888633387628799e-15
58 3 3.2942590515017227e-15
58 4 2.1450376681397183e-15
58 5 3.0115950372122373e-15
58 6 4.5411387876876985e-16
58 7 4.0547562468253077e-15
58 8 7.3544678329046292e-16
58 9 3.5670316975254423e-15
58 10 1.8059987878445476e-15
58 11 3.2494529276757695e-15
58 12 1.4637705013111732e-15
58 13 5.4205047077035639e-15
58 14 1.3806188643115808e-15
58 15 6.5350954866347573e-15
58 16 5.125593441885691e-16
58 17 8.8531889627787893e-15
58 18 7.3530830031145463e-16
58 19 2.7009669396231348e-16
58 20 7.7366667350253908e-16
58 21 1.5131519839687649e-15
58 22 2.5175029158347381e-15
58 23 1.6586457989310195e-15
58 24 2.2113373171168761e-15
58 25 2.5846793496554407e-15
58 26 1.0474118241475047e-15
58 27 1.6364216741102159e-15
58 28 9.3156021273621696e-16
58 29 2.185930574536397e-15
58 30 7.6640577263851011e-16
58 31 6.3049226485906789e-15
58 32 1.5049126817329443e-16
58 33 4.3606722938746555e-15
58 34 6.7942684350049992e-16
58 35 1.7858951971456529e-15
58 36 7.6683593193272598e-16
58 37 2.776682492363469e-15
58 38 9.6188174544956379e-16
58 39 4.7852645423414567e-15
58 40 2.7522784580573276e-15
58 41 4.9881987755345656e-15
58 42 3.7148823844091579e-15
58 43 2.3113415175679465e-15
58 44 1.3687232065940677e-15
58 45 1.9609756023219389e-15
58 46 9.5973983710099388e-16
58 47 4.1769980794722412e-15
58 48 1.4549976830888072e-15
58 49 1.6213077101036468e-14
58 50 3.4637841941927607e-15
58 51 1.2549090634957969e-14
58 52 3.1788978047635544e-15
58 53 6.7956344994534467e-15
58 54 5.7501671382216857e-15
58 55 1.133791119961871e-14
58 56 4.9687926417567597e-15
58 57 5.2431680891426938e-14
58 58 2.0729308186919719e-14
58 59 1.2496661647498412e-14
58 60 9.881354732546814e-15
58 61 1.6494006367170338e-14
58 62 6.3419416763447116e-15
58 63 1.3687916996841752e-14
59 0 2.5513577210742421e-15
59 1 2.0740086403828237e-14
59 2 2.6380384394001009e-15
59 3 2.5704226181792984e-15
59 4 6.5053922408649193e-16
59 5 2.9179483827828065e-15
59 6 1.6807445215061735e-15
59 7 5.8356313820652657e-15
59 8 9.5599571477503653e-16
59 9 1.0084203172804116e-15
59 10 5.3175498699234651e-16
59 11 3.309395828959246e-15
59 12 1.972662382546125e-15
59 13 6.5124376954592577e-15
59 14 2.6366357649638431e-15
59 15 9.0175935570520741e-15
59 16 1.2965787284059739e-15
59 17 3.3569962377065169e-15
59 18 3.7529412669086224e-16
59 19 8.0295295304618799e-16
59 20 8.7212370587458897e-16
59 21 2.2267676987054833e-15
59 22 2.3827875782348755e-15
59 23 4.4546707024196322e-15
59 24 1.2828759280878124e-15
59 25 3.7715262918555498e-15
59 26 8.1886773904720191e-16
59 27 2.1369071759938219e-15
59 28 8.3300828488080422e-16
59 29 9.6396082843838065e-16
59 30 1.4262112769125855e-15
59 31 2.4664998429109131e-15
59 32 8.7670702401319737e-16
59 33 2.2704434812377291e-15
59 34 1.69117524416277e-15
59 35 1.8453920572607052e-15
59 36 1.5542849798834499e-15
59 37 1.464534198335129e-15
59 38 1.7004459402787911e-15
59 39 3.9403138038136412e-15
59 40 2.0151151466264336e-15
59 41 1.2788222550217524e-15
59 42 2.2504889809650421e-15
59 43 1.7123025192081548e-15
59 44 1.9997693235154573e-16
59 45 9.9322744936998576e-17
59 46 1.3843044108095265e-15
59 47 7.0556855894553113e-15
59 48 1.2123123534787152e-15
59 49 2.0330776045005532e-15
59 50 4.1077101506929991e-15
59 51 9.7760865524458661e-15
59 52 5.555953956256739e-15
59 53 9.2748980037996539e-15
59 54 4.7189396144225887e-15
59 55 1.7189707727376013e-14
59 56 3.4890917732907855e-15
59 57 4.3490499022579549e-15
59 58 1.9859336967576624e-14
59 59 2.9439753574572683e-14
59 60 1.1994336395893649e-14
59 61 1.7621102488627237e-14
59 62 1.9318731048606759e-15
59 63 1.0037414676901918e-13
60 0 3.2947613675035133e-15
60 1 4.2714663918888749e-14
60 2 1.0470161832246872e-15
60 3 3.3519527081018033e-15
60 4 8.7395135712953483e-16
60 5 2.1562971999925816e-15
60 6 2.1450376681397199e-15
60 7 3.3663887022608254e-15
60 8 9.4560724529427046e-16
60 9 3.8608491312094072e-15
60 10 1.4275439120675232e-15
60 11 4.3559380178109503e-15
60 12 2.6102820737956523e-15
60 13 6.3609973939554285e-15
60 14 2.5501237649385105e-15
60 15 4.262415261128518e-15
60 16 1.0108427973613803e-15
60 17 5.7415562561874235e-15
60 18 8.0438047560509396e-16
60 19 3.6417736632723068e-16
60 20 4.0217075213036463e-16
60 21 2.1600167763081141e-15
60 22 1.8308650160902801e-15
60 23 2.0609322723279567e-15
60 24 1.3835819866155851e-15
60 25 1.8067816075414801e-15
60 26 1.3411412201512265e-15
60 27 1.3898576327443141e-15
60 28 1.3062073394976889e-15
60 29 7.4530848248871342e-16
60 30 1.6462875617553429e-15
60 31 5.1707021238343127e-15
60 32 9.3153152968656357e-16
60 33 9.9661801436782964e-15
60 34 1.6381929771127138e-15
60 35 1.1416384423419871e-15
60 36 1.1723562656154839e-15
60 37 1.9039202711807677e-15
60 38 1.2291023733873058e-15
60 39 2.8126594969355684e-15
60 40 1.4340466021777887e-15
60 41 4.5945774601860523e-15
60 42 2.6305367968089765e-15
60 43 2.6339792768528867e-15
60 44 9.0655415305316539e-16
60 45 1.330368138360247e-15
60 46 8.165777665233518e-16
60 47 1.0204458144601261e-15
60 48 1.8524301015889256e-15
60 49 9.9085367365552011e-15
60 50 4.4841551738138419e-15
60 51 1.0578141327591306e-14
60 52 4.4024611370776474e-15
60 53 8.3631841694095956e-15
60 54 1.9684829540678605e-15
60 55 2.3423974490986653e-15
60 56 2.8162375203654148e-15
60 57 1.7172491227418095e-14
60 58 9.881354732546814e-15
60 59 1.5949568022221388e-14
60 60 4.7276434599525964e-14
60 61 1.7866644044912791e-14
60 62 6.3498964749489062e-15
60 63 2.6932247253780189e-14
61 0 7.1441368797431926e-15
61 1 4.9610897738084124e-14
61 2 3.5331266186997337e-15
61 3 1.1342169766284294e-14
61 4 3.858497117166255e-15
61 5 2.6539785263853286e-15
61 6 2.9514348167991955e-15
61 7 3.8781610079851693e-15
61 8 1.9469688421369413e-15
61 9 5.9879131747696693e-15
61 10 3.0802993722272388e-15
61 11 1.9912477310266348e-15
61 12 3.2230032855496948e-15
61 13 6.1951894172900613e-15
61 14 1.8465519638253463e-15
61 15 2.9224963859179181e-15
61 16 7.2388002263985531e-16
61 17 2.3727431776672833e-15
61 18 1.6210889302025458e-15
61 19 2.5500577213331819e-15
61 20 7.3285837672756124e-16
61 21 2.3254417344804431e-15
61 22 1.7006573312635033e-15
61 23 2.7704172179744398e-15
61 24 2.3702232043848418e-15
61 25 2.5859953457380491e-15
61 26 1.9917685332711663e-15
61 27 3.0864433941497435e-15
61 28 1.8809833774520063e-15
61 29 1.3829990976321594e-15
61 30 1.7496339330824064e-15
61 31 3.4343272897066578e-15
61 32 1.1311119207842824e-15
61 33 1.7009887662398153e-14
61 34 1.3221941688424546e-15
61 35 3.7878120422067799e-15
61 36 4.9448650159010576e-16
61 37 2.6858443607750088e-15
61 38 3.7195777170274255e-16
61 39 5.9851231590944381e-15
61 40 1.9078389696948442e-15
61 41 5.6150399630011691e-15
61 42 3.7731027797359422e-15
61 43 2.4534531403029824e-15
61 44 1.9718969679595652e-15
61 45 2.4860458576148398e-15
61 46 1.0246664598924715e-15
61 47 5.0499242397153765e-15
61 48 2.670323049602834e-15
61 49 5.8751849855115038e-15
61 50 4.5580110171862971e-15
61 51 8.7543260057923417e-15
61 52 2.5105118283121022e-15
61 53 7.9750577735185305e-15
61 54 1.6232528046311032e-15
61 55 1.0309080613660702e-14
61 56 4.43767746325377e-15
61 57 1.8054027683806181e-14
61 58 7.0430746482986734e-15
61 59 2.3555411427562045e-14
61 60 2.0324268066084106e-14
61 61 1.3789593549955184e-13
61 62 3.2674424974761108e-14
61 63 7.4116026856087278e-14
62 0 8.8991903486880432e-15
62 1 1.4585774258003994e-14
62 2 4.5213356734815558e-15
62 3 5.0488753764088308e-15
62 4 1.0470161832246893e-15
62 5 2.8265708264514934e-15
62 6 2.9888633387628799e-15
62 7 2.6110830633662766e-15
62 8 1.6989216680142128e-15
62 9 1.8347439730751849e-15
62 10 6.0657533769782377e-16
62 11 3.4024346965637896e-15
62 12 2.7135252001794475e-15
62 13 7.0395424420612671e-15
62 14 3.3510497141772965e-15
62 15 3.4075681543057028e-15
62 16 1.7026365257962056e-15
62 17 9.571760975473015e-16
62 18 7.4893019307496175e-16
62 19 1.6038565266116184e-15
62 20 1.0714745249379656e-15
62 21 2.1324210357867888e-15
62 22 2.4013741528153371e-15
62 23 2.3665773528007761e-15
62 24 1.0301916695919481e-15
62 25 3.7515166293870358e-15
62 26 1.055483782195935e-15
62 27 2.815133482899735e-15
62 28 1.0790715458457547e-15
62 29 8.2436734717408212e-16
62 30 1.6932262677604623e-15
62 31 2.5584826647494507e-15
62 32 1.1259813196853301e-15
62 33 6.8286834116745747e-15
62 34 1.8978869636061643e-15
62 35 2.3446892788677085e-15
62 36 1.671682077620323e-15
62 37 1.6957889660360841e-15
62 38 1.7689493384529771e-15
62 39 4.6914085101056597e-15
62 40 1.6348405667502311e-15
62 41 1.9793699193856005e-15
62 42 1.7480959251099125e-15
62 43 9.0645704000256605e-16
62 44 5.3851597961463628e-16
62 45 7.5619078987251497e-16
62 46 1.4193484110519661e-15
62 47 2.0670984008633802e-15
62 48 1.4116002933513957e-15
62 49 4.6012304646786156e-15
62 50 3.635280207188757e-15
62 51 6.0118220512164499e-15
62 52 4.4812741767385378e-15
62 53 6.1685067915633475e-15
62 54 3.1089332774726415e-15
62 55 6.256876928989308e-15
62 56 2.6080358458866998e-15
62 57 3.7237577740210402e-15
62 58 6.3419416763447163e-15
62 59 4.4411724929263118e-15
62 60 6.3498964749489094e-15
62 61 2.4415150061908972e-14
62 62 1.9761733149197865e-14
62 63 9.5466824923082723e-14
63 0 6.8583497276937968e-14
63 1 2.3984161458128772e-14
63 2 2.7839954024165233e-14
63 3 6.6476944517347533e-14
63 4 1.6478368240635762e-14
63 5 2.5668733659724218e-14
63 6 9.0360144628112556e-15
63 7 9.1752031486048538e-14
63 8 8.1169105353562444e-15
63 9 1.5450478902516367e-14
63 10 7.9888329787602589e-15
63 11 2.8485658548400835e-14
63 12 4.6161568370853864e-15
63 13 1.7594214912813214e-14
63 14 3.2002411184785819e-15
63 15 2.5597623671973107e-13
63 16 4.3107467790125046e-15
63 17 9.65296583766582e-15
63 18 4.437778037850969e-15
63 19 1.5834038137116507e-14
63 20 4.2792407039545325e-15
63 21 9.7030838650720072e-15
63 22 5.6383900818697846e-15
63 23 3.726906920100408e-14
63 24 5.4916541295204531e-15
63 25 5.8521176522611157e-15
63 26 3.5533538514994961e-15
63 27 1.2343498935786492e-14
63 28 3.3588751245247136e-15
63 29 5.8481595308852921e-15
63 30 2.5305709923925152e-15
63 31 2.5014589126836673e-13
63 32 3.0943624685659416e-15
63 33 3.9653757183111716e-15
63 34 2.424531977493684e-15
63 35 1.211677986868194e-14
63 36 3.1844951529952043e-15
63 37 5.5988778467669604e-15
63 38 3.3883764587947372e-15
63 39 3.5655357067534691e-14
63 40 5.5923008746550931e-15
63 41 8.8506353238557098e-15
63 42 6.2752863758211467e-15
63 43 1.7793111032083728e-14
63 44 4.6978705665875864e-15
63 45 8.5541438424527065e-15
63 46 4.6841107712281256e-15
63 47 2.5111082767002724e-13
63 48 4.981728725828031e-15
63 49 1.596282167536712e-14
63 50 4.1981068456352331e-15
63 51 3.0357369955690184e-14
63 52 4.7508551267172336e-15
63 53 1.9602135753306866e-14
63 54 9.2028054015912028e-15
63 55 8.885285047522185e-14
63 56 1.0332388782002748e-14
63 57 2.5564936327349263e-14
63 58 1.236714459971935e-14
63 59 6.9650560062810934e-14
63 60 2.7018914451480045e-14
63 61 6.9213623241550585e-14
63 62 8.5293220574253312e-14
63 63 2048
